year,round_no,driver,color
2025,1,NOR,#ff8000
2025,1,VER,#0600ef
2025,1,RUS,#27f4d2
2025,1,ANT,#27f4d2
2025,1,ALB,#00a0dd
2025,1,STR,#00665f
2025,1,HUL,#00e700
2025,1,LEC,#e80020
2025,1,PIA,#ff8000
2025,1,HAM,#e80020
2025,1,GAS,#ff87bc
2025,1,TSU,#fcd700
2025,1,OCO,#b6babd
2025,1,BEA,#b6babd
2025,1,LAW,#0600ef
2025,1,BOR,#00e700
2025,1,ALO,#00665f
2025,1,SAI,#00a0dd
2025,1,DOO,#ff87bc
2025,1,HAD,#fcd700
2025,2,PIA,#ff8000
2025,2,NOR,#ff8000
2025,2,RUS,#27f4d2
2025,2,VER,#0600ef
2025,2,OCO,#b6babd
2025,2,ANT,#27f4d2
2025,2,ALB,#00a0dd
2025,2,BEA,#b6babd
2025,2,STR,#00665f
2025,2,SAI,#00a0dd
2025,2,HAD,#fcd700
2025,2,LAW,#0600ef
2025,2,DOO,#ff87bc
2025,2,BOR,#00e700
2025,2,HUL,#00e700
2025,2,TSU,#fcd700
2025,2,ALO,#00665f
2025,2,LEC,#e80020
2025,2,HAM,#e80020
2025,2,GAS,#ff87bc
2025,3,VER,#0600ef
2025,3,NOR,#ff8000
2025,3,PIA,#ff8000
2025,3,LEC,#e80020
2025,3,RUS,#27f4d2
2025,3,ANT,#27f4d2
2025,3,HAM,#e80020
2025,3,HAD,#fcd700
2025,3,ALB,#00a0dd
2025,3,BEA,#b6babd
2025,3,ALO,#00665f
2025,3,TSU,#0600ef
2025,3,GAS,#ff87bc
2025,3,SAI,#00a0dd
2025,3,DOO,#ff87bc
2025,3,HUL,#00e700
2025,3,LAW,#fcd700
2025,3,OCO,#b6babd
2025,3,BOR,#00e700
2025,3,STR,#00665f
2025,4,PIA,#ff8000
2025,4,RUS,#27f4d2
2025,4,NOR,#ff8000
2025,4,LEC,#e80020
2025,4,HAM,#e80020
2025,4,VER,#0600ef
2025,4,GAS,#ff87bc
2025,4,OCO,#b6babd
2025,4,TSU,#0600ef
2025,4,BEA,#b6babd
2025,4,ANT,#27f4d2
2025,4,ALB,#00a0dd
2025,4,HAD,#fcd700
2025,4,DOO,#ff87bc
2025,4,ALO,#00665f
2025,4,LAW,#fcd700
2025,4,STR,#00665f
2025,4,BOR,#00e700
2025,4,SAI,#00a0dd
2025,4,HUL,#00e700
2025,5,PIA,#ff8000
2025,5,VER,#0600ef
2025,5,LEC,#e80020
2025,5,NOR,#ff8000
2025,5,RUS,#27f4d2
2025,5,ANT,#27f4d2
2025,5,HAM,#e80020
2025,5,SAI,#00a0dd
2025,5,ALB,#00a0dd
2025,5,HAD,#fcd700
2025,5,ALO,#00665f
2025,5,LAW,#fcd700
2025,5,BEA,#b6babd
2025,5,OCO,#b6babd
2025,5,HUL,#00e700
2025,5,STR,#00665f
2025,5,DOO,#ff87bc
2025,5,BOR,#00e700
2025,5,TSU,#0600ef
2025,5,GAS,#ff87bc
2025,6,PIA,#ff8000
2025,6,NOR,#ff8000
2025,6,RUS,#27f4d2
2025,6,VER,#0600ef
2025,6,ALB,#00a0dd
2025,6,ANT,#27f4d2
2025,6,LEC,#e80020
2025,6,HAM,#e80020
2025,6,SAI,#00a0dd
2025,6,TSU,#0600ef
2025,6,HAD,#fcd700
2025,6,OCO,#b6babd
2025,6,GAS,#ff87bc
2025,6,HUL,#00e700
2025,6,ALO,#00665f
2025,6,STR,#00665f
2025,6,LAW,#fcd700
2025,6,BOR,#00e700
2025,6,BEA,#b6babd
2025,6,DOO,#ff87bc
2025,7,VER,#0600ef
2025,7,NOR,#ff8000
2025,7,PIA,#ff8000
2025,7,HAM,#e80020
2025,7,ALB,#00a0dd
2025,7,LEC,#e80020
2025,7,RUS,#27f4d2
2025,7,SAI,#00a0dd
2025,7,HAD,#fcd700
2025,7,TSU,#0600ef
2025,7,ALO,#00665f
2025,7,HUL,#00e700
2025,7,GAS,#ff87bc
2025,7,LAW,#fcd700
2025,7,STR,#00665f
2025,7,COL,#ff87bc
2025,7,BEA,#b6babd
2025,7,BOR,#00e700
2025,7,ANT,#27f4d2
2025,7,OCO,#b6babd
2025,8,NOR,#ff8000
2025,8,LEC,#e80020
2025,8,PIA,#ff8000
2025,8,VER,#0600ef
2025,8,HAM,#e80020
2025,8,HAD,#fcd700
2025,8,OCO,#b6babd
2025,8,LAW,#fcd700
2025,8,ALB,#00a0dd
2025,8,SAI,#00a0dd
2025,8,RUS,#27f4d2
2025,8,BEA,#b6babd
2025,8,COL,#ff87bc
2025,8,BOR,#00e700
2025,8,STR,#00665f
2025,8,HUL,#00e700
2025,8,TSU,#0600ef
2025,8,ANT,#27f4d2
2025,8,ALO,#00665f
2025,8,GAS,#ff87bc
2025,9,PIA,#ff8000
2025,9,NOR,#ff8000
2025,9,LEC,#e80020
2025,9,RUS,#27f4d2
2025,9,HUL,#00e700
2025,9,HAM,#e80020
2025,9,HAD,#fcd700
2025,9,GAS,#ff87bc
2025,9,ALO,#00665f
2025,9,VER,#0600ef
2025,9,LAW,#fcd700
2025,9,BOR,#00e700
2025,9,TSU,#0600ef
2025,9,SAI,#00a0dd
2025,9,COL,#ff87bc
2025,9,OCO,#b6babd
2025,9,BEA,#b6babd
2025,9,ANT,#27f4d2
2025,9,ALB,#00a0dd
2025,10,RUS,#27f4d2
2025,10,VER,#0600ef
2025,10,ANT,#27f4d2
2025,10,PIA,#ff8000
2025,10,LEC,#e80020
2025,10,HAM,#e80020
2025,10,ALO,#00665f
2025,10,HUL,#00e700
2025,10,OCO,#b6babd
2025,10,SAI,#00a0dd
2025,10,BEA,#b6babd
2025,10,TSU,#0600ef
2025,10,COL,#ff87bc
2025,10,BOR,#00e700
2025,10,GAS,#ff87bc
2025,10,HAD,#fcd700
2025,10,STR,#00665f
2025,10,NOR,#ff8000
2025,10,LAW,#fcd700
2025,10,ALB,#00a0dd
2025,11,NOR,#ff8000
2025,11,PIA,#ff8000
2025,11,LEC,#e80020
2025,11,HAM,#e80020
2025,11,RUS,#27f4d2
2025,11,LAW,#fcd700
2025,11,ALO,#00665f
2025,11,BOR,#00e700
2025,11,HUL,#00e700
2025,11,OCO,#b6babd
2025,11,BEA,#b6babd
2025,11,HAD,#fcd700
2025,11,GAS,#ff87bc
2025,11,STR,#00665f
2025,11,COL,#ff87bc
2025,11,TSU,#0600ef
2025,11,ALB,#00a0dd
2025,11,VER,#0600ef
2025,11,ANT,#27f4d2
2025,11,SAI,#00a0dd
2025,12,NOR,#ff8000
2025,12,PIA,#ff8000
2025,12,HUL,#00e700
2025,12,HAM,#e80020
2025,12,VER,#0600ef
2025,12,GAS,#ff87bc
2025,12,STR,#00665f
2025,12,ALB,#00a0dd
2025,12,ALO,#00665f
2025,12,RUS,#27f4d2
2025,12,BEA,#b6babd
2025,12,SAI,#00a0dd
2025,12,OCO,#b6babd
2025,12,LEC,#e80020
2025,12,TSU,#0600ef
2025,12,ANT,#27f4d2
2025,12,HAD,#fcd700
2025,12,BOR,#00e700
2025,12,LAW,#fcd700
2025,12,COL,#ff87bc
2025,13,PIA,#ff8000
2025,13,NOR,#ff8000
2025,13,LEC,#e80020
2025,13,VER,#0600ef
2025,13,RUS,#27f4d2
2025,13,ALB,#00a0dd
2025,13,HAM,#e80020
2025,13,LAW,#fcd700
2025,13,BOR,#00e700
2025,13,GAS,#ff87bc
2025,13,BEA,#b6babd
2025,13,HUL,#00e700
2025,13,TSU,#0600ef
2025,13,STR,#00665f
2025,13,OCO,#b6babd
2025,13,ANT,#27f4d2
2025,13,ALO,#00665f
2025,13,SAI,#00a0dd
2025,13,COL,#ff87bc
2025,13,HAD,#fcd700
2025,14,NOR,#ff8000
2025,14,PIA,#ff8000
2025,14,RUS,#27f4d2
2025,14,LEC,#e80020
2025,14,ALO,#00665f
2025,14,BOR,#00e700
2025,14,STR,#00665f
2025,14,LAW,#fcd700
2025,14,VER,#0600ef
2025,14,ANT,#27f4d2
2025,14,HAD,#fcd700
2025,14,HAM,#e80020
2025,14,HUL,#00e700
2025,14,SAI,#00a0dd
2025,14,ALB,#00a0dd
2025,14,OCO,#b6babd
2025,14,TSU,#0600ef
2025,14,COL,#ff87bc
2025,14,GAS,#ff87bc
2025,14,BEA,#b6babd
2025,15,PIA,#ff8000
2025,15,VER,#0600ef
2025,15,HAD,#fcd700
2025,15,RUS,#27f4d2
2025,15,ALB,#00a0dd
2025,15,BEA,#b6babd
2025,15,STR,#00665f
2025,15,ALO,#00665f
2025,15,TSU,#0600ef
2025,15,OCO,#b6babd
2025,15,COL,#ff87bc
2025,15,LAW,#fcd700
2025,15,SAI,#00a0dd
2025,15,HUL,#00e700
2025,15,BOR,#00e700
2025,15,ANT,#27f4d2
2025,15,GAS,#ff87bc
2025,15,NOR,#ff8000
2025,15,LEC,#e80020
2025,15,HAM,#e80020
2025,16,VER,#0600ef
2025,16,NOR,#ff8000
2025,16,PIA,#ff8000
2025,16,LEC,#e80020
2025,16,RUS,#27f4d2
2025,16,HAM,#e80020
2025,16,ALB,#00a0dd
2025,16,BOR,#00e700
2025,16,ANT,#27f4d2
2025,16,HAD,#fcd700
2025,16,SAI,#00a0dd
2025,16,BEA,#b6babd
2025,16,TSU,#0600ef
2025,16,LAW,#fcd700
2025,16,OCO,#b6babd
2025,16,GAS,#ff87bc
2025,16,COL,#ff87bc
2025,16,STR,#00665f
2025,16,ALO,#00665f
2025,16,HUL,#00e700
2025,17,VER,#0600ef
2025,17,RUS,#27f4d2
2025,17,SAI,#00a0dd
2025,17,ANT,#27f4d2
2025,17,LAW,#fcd700
2025,17,TSU,#0600ef
2025,17,NOR,#ff8000
2025,17,HAM,#e80020
2025,17,LEC,#e80020
2025,17,HAD,#fcd700
2025,17,BOR,#00e700
2025,17,BEA,#b6babd
2025,17,ALB,#00a0dd
2025,17,OCO,#b6babd
2025,17,ALO,#00665f
2025,17,HUL,#00e700
2025,17,STR,#00665f
2025,17,GAS,#ff87bc
2025,17,COL,#ff87bc
2025,17,PIA,#ff8000
2025,18,RUS,#27f4d2
2025,18,VER,#0600ef
2025,18,NOR,#ff8000
2025,18,PIA,#ff8000
2025,18,ANT,#27f4d2
2025,18,LEC,#e80020
2025,18,ALO,#00665f
2025,18,HAM,#e80020
2025,18,BEA,#b6babd
2025,18,SAI,#00a0dd
2025,18,HAD,#fcd700
2025,18,TSU,#0600ef
2025,18,STR,#00665f
2025,18,ALB,#00a0dd
2025,18,LAW,#fcd700
2025,18,COL,#ff87bc
2025,18,BOR,#00e700
2025,18,OCO,#b6babd
2025,18,GAS,#ff87bc
2025,18,HUL,#00e700
2025,19,VER,#0600ef
2025,19,NOR,#ff8000
2025,19,LEC,#e80020
2025,19,HAM,#e80020
2025,19,PIA,#ff8000
2025,19,RUS,#27f4d2
2025,19,TSU,#0600ef
2025,19,HUL,#00e700
2025,19,BEA,#b6babd
2025,19,ALO,#00665f
2025,19,LAW,#fcd700
2025,19,STR,#00665f
2025,19,ANT,#27f4d2
2025,19,ALB,#00a0dd
2025,19,OCO,#b6babd
2025,19,HAD,#fcd700
2025,19,COL,#ff87bc
2025,19,BOR,#00e700
2025,19,GAS,#ff87bc
2025,19,SAI,#00a0dd
2025,20,NOR,#ff8000
2025,20,LEC,#e80020
2025,20,VER,#0600ef
2025,20,BEA,#b6babd
2025,20,PIA,#ff8000
2025,20,ANT,#27f4d2
2025,20,RUS,#27f4d2
2025,20,HAM,#e80020
2025,20,OCO,#b6babd
2025,20,BOR,#00e700
2025,20,TSU,#0600ef
2025,20,ALB,#00a0dd
2025,20,HAD,#fcd700
2025,20,STR,#00665f
2025,20,GAS,#ff87bc
2025,20,COL,#ff87bc
2025,20,SAI,#00a0dd
2025,20,ALO,#00665f
2025,20,HUL,#00e700
2025,20,LAW,#fcd700
2024,1,VER,#0600ef
2024,1,PER,#0600ef
2024,1,SAI,#e8002d
2024,1,LEC,#e8002d
2024,1,RUS,#27f4d2
2024,1,NOR,#ff8000
2024,1,HAM,#27f4d2
2024,1,PIA,#ff8000
2024,1,ALO,#00665f
2024,1,STR,#00665f
2024,1,ZHO,#00e700
2024,1,MAG,#b6babd
2024,1,RIC,#364aa9
2024,1,TSU,#364aa9
2024,1,ALB,#00a0dd
2024,1,HUL,#b6babd
2024,1,OCO,#ff87bc
2024,1,GAS,#ff87bc
2024,1,BOT,#00e700
2024,1,SAR,#00a0dd
2024,2,VER,#0600ef
2024,2,PER,#0600ef
2024,2,LEC,#e8002d
2024,2,PIA,#ff8000
2024,2,ALO,#00665f
2024,2,RUS,#27f4d2
2024,2,BEA,#e8002d
2024,2,NOR,#ff8000
2024,2,HAM,#27f4d2
2024,2,HUL,#b6babd
2024,2,ALB,#00a0dd
2024,2,MAG,#b6babd
2024,2,OCO,#ff87bc
2024,2,SAR,#00a0dd
2024,2,TSU,#364aa9
2024,2,RIC,#364aa9
2024,2,BOT,#00e700
2024,2,ZHO,#00e700
2024,2,STR,#00665f
2024,2,GAS,#ff87bc
2024,3,SAI,#e8002d
2024,3,LEC,#e8002d
2024,3,NOR,#ff8000
2024,3,PIA,#ff8000
2024,3,PER,#0600ef
2024,3,STR,#00665f
2024,3,TSU,#364aa9
2024,3,ALO,#00665f
2024,3,HUL,#b6babd
2024,3,MAG,#b6babd
2024,3,ALB,#00a0dd
2024,3,RIC,#364aa9
2024,3,GAS,#ff87bc
2024,3,BOT,#00e700
2024,3,ZHO,#00e700
2024,3,OCO,#ff87bc
2024,3,RUS,#27f4d2
2024,3,HAM,#27f4d2
2024,3,VER,#0600ef
2024,4,VER,#0600ef
2024,4,PER,#0600ef
2024,4,SAI,#e8002d
2024,4,LEC,#e8002d
2024,4,NOR,#ff8000
2024,4,ALO,#00665f
2024,4,RUS,#27f4d2
2024,4,PIA,#ff8000
2024,4,HAM,#27f4d2
2024,4,TSU,#364aa9
2024,4,HUL,#b6babd
2024,4,STR,#00665f
2024,4,MAG,#b6babd
2024,4,BOT,#00e700
2024,4,OCO,#ff87bc
2024,4,GAS,#ff87bc
2024,4,SAR,#00a0dd
2024,4,ZHO,#00e700
2024,4,RIC,#364aa9
2024,4,ALB,#00a0dd
2024,5,VER,#0600ef
2024,5,NOR,#ff8000
2024,5,PER,#0600ef
2024,5,LEC,#e8002d
2024,5,SAI,#e8002d
2024,5,RUS,#27f4d2
2024,5,ALO,#00665f
2024,5,PIA,#ff8000
2024,5,HAM,#27f4d2
2024,5,HUL,#b6babd
2024,5,OCO,#ff87bc
2024,5,ALB,#00a0dd
2024,5,GAS,#ff87bc
2024,5,ZHO,#00e700
2024,5,STR,#00665f
2024,5,MAG,#b6babd
2024,5,SAR,#00a0dd
2024,5,RIC,#364aa9
2024,5,TSU,#364aa9
2024,5,BOT,#00e700
2024,6,NOR,#ff8000
2024,6,VER,#0600ef
2024,6,LEC,#e8002d
2024,6,PER,#0600ef
2024,6,SAI,#e8002d
2024,6,HAM,#27f4d2
2024,6,TSU,#364aa9
2024,6,RUS,#27f4d2
2024,6,ALO,#00665f
2024,6,OCO,#ff87bc
2024,6,HUL,#b6babd
2024,6,GAS,#ff87bc
2024,6,PIA,#ff8000
2024,6,ZHO,#00e700
2024,6,RIC,#364aa9
2024,6,BOT,#00e700
2024,6,STR,#00665f
2024,6,ALB,#00a0dd
2024,6,MAG,#b6babd
2024,6,SAR,#00a0dd
2024,7,VER,#0600ef
2024,7,NOR,#ff8000
2024,7,LEC,#e8002d
2024,7,PIA,#ff8000
2024,7,SAI,#e8002d
2024,7,HAM,#27f4d2
2024,7,RUS,#27f4d2
2024,7,PER,#0600ef
2024,7,STR,#00665f
2024,7,TSU,#364aa9
2024,7,HUL,#b6babd
2024,7,MAG,#b6babd
2024,7,RIC,#364aa9
2024,7,OCO,#ff87bc
2024,7,ZHO,#00e700
2024,7,GAS,#ff87bc
2024,7,SAR,#00a0dd
2024,7,BOT,#00e700
2024,7,ALO,#00665f
2024,7,ALB,#00a0dd
2024,8,LEC,#e8002d
2024,8,PIA,#ff8000
2024,8,SAI,#e8002d
2024,8,NOR,#ff8000
2024,8,RUS,#27f4d2
2024,8,VER,#0600ef
2024,8,HAM,#27f4d2
2024,8,TSU,#364aa9
2024,8,ALB,#00a0dd
2024,8,GAS,#ff87bc
2024,8,ALO,#00665f
2024,8,RIC,#364aa9
2024,8,BOT,#00e700
2024,8,STR,#00665f
2024,8,SAR,#00a0dd
2024,8,ZHO,#00e700
2024,8,OCO,#ff87bc
2024,8,PER,#0600ef
2024,8,HUL,#b6babd
2024,8,MAG,#b6babd
2024,9,VER,#0600ef
2024,9,NOR,#ff8000
2024,9,RUS,#27f4d2
2024,9,HAM,#27f4d2
2024,9,PIA,#ff8000
2024,9,ALO,#00665f
2024,9,STR,#00665f
2024,9,RIC,#364aa9
2024,9,GAS,#ff87bc
2024,9,OCO,#ff87bc
2024,9,HUL,#b6babd
2024,9,MAG,#b6babd
2024,9,BOT,#00e700
2024,9,TSU,#364aa9
2024,9,ZHO,#00e700
2024,9,SAI,#e8002d
2024,9,ALB,#00a0dd
2024,9,PER,#0600ef
2024,9,LEC,#e8002d
2024,9,SAR,#00a0dd
2024,10,VER,#0600ef
2024,10,NOR,#ff8000
2024,10,HAM,#27f4d2
2024,10,RUS,#27f4d2
2024,10,LEC,#e8002d
2024,10,SAI,#e8002d
2024,10,PIA,#ff8000
2024,10,PER,#0600ef
2024,10,GAS,#ff87bc
2024,10,OCO,#ff87bc
2024,10,HUL,#b6babd
2024,10,ALO,#00665f
2024,10,ZHO,#00e700
2024,10,STR,#00665f
2024,10,RIC,#364aa9
2024,10,BOT,#00e700
2024,10,MAG,#b6babd
2024,10,ALB,#00a0dd
2024,10,TSU,#364aa9
2024,10,SAR,#00a0dd
2024,11,RUS,#27f4d2
2024,11,PIA,#ff8000
2024,11,SAI,#e8002d
2024,11,HAM,#27f4d2
2024,11,VER,#0600ef
2024,11,HUL,#b6babd
2024,11,PER,#0600ef
2024,11,MAG,#b6babd
2024,11,RIC,#364aa9
2024,11,GAS,#ff87bc
2024,11,LEC,#e8002d
2024,11,OCO,#ff87bc
2024,11,STR,#00665f
2024,11,TSU,#364aa9
2024,11,ALB,#00a0dd
2024,11,BOT,#00e700
2024,11,ZHO,#00e700
2024,11,ALO,#00665f
2024,11,SAR,#00a0dd
2024,11,NOR,#ff8000
2024,12,HAM,#27f4d2
2024,12,VER,#0600ef
2024,12,NOR,#ff8000
2024,12,PIA,#ff8000
2024,12,SAI,#e8002d
2024,12,HUL,#b6babd
2024,12,STR,#00665f
2024,12,ALO,#00665f
2024,12,ALB,#00a0dd
2024,12,TSU,#364aa9
2024,12,SAR,#00a0dd
2024,12,MAG,#b6babd
2024,12,RIC,#364aa9
2024,12,LEC,#e8002d
2024,12,BOT,#00e700
2024,12,OCO,#ff87bc
2024,12,PER,#0600ef
2024,12,ZHO,#00e700
2024,12,RUS,#27f4d2
2024,12,GAS,#ff87bc
2024,13,PIA,#ff8000
2024,13,NOR,#ff8000
2024,13,HAM,#27f4d2
2024,13,LEC,#e8002d
2024,13,VER,#0600ef
2024,13,SAI,#e8002d
2024,13,PER,#0600ef
2024,13,RUS,#27f4d2
2024,13,TSU,#364aa9
2024,13,STR,#00665f
2024,13,ALO,#00665f
2024,13,RIC,#364aa9
2024,13,HUL,#b6babd
2024,13,ALB,#00a0dd
2024,13,MAG,#b6babd
2024,13,BOT,#00e700
2024,13,SAR,#00a0dd
2024,13,OCO,#ff87bc
2024,13,ZHO,#00e700
2024,13,GAS,#ff87bc
2024,14,HAM,#27f4d2
2024,14,PIA,#ff8000
2024,14,LEC,#e8002d
2024,14,VER,#0600ef
2024,14,NOR,#ff8000
2024,14,SAI,#e8002d
2024,14,PER,#0600ef
2024,14,ALO,#00665f
2024,14,OCO,#ff87bc
2024,14,RIC,#364aa9
2024,14,STR,#00665f
2024,14,ALB,#00a0dd
2024,14,GAS,#ff87bc
2024,14,MAG,#b6babd
2024,14,BOT,#00e700
2024,14,TSU,#364aa9
2024,14,SAR,#00a0dd
2024,14,HUL,#b6babd
2024,14,ZHO,#00e700
2024,14,RUS,#27f4d2
2024,15,NOR,#ff8000
2024,15,VER,#0600ef
2024,15,LEC,#e8002d
2024,15,PIA,#ff8000
2024,15,SAI,#e8002d
2024,15,PER,#0600ef
2024,15,RUS,#27f4d2
2024,15,HAM,#27f4d2
2024,15,GAS,#ff87bc
2024,15,ALO,#00665f
2024,15,HUL,#b6babd
2024,15,RIC,#364aa9
2024,15,STR,#00665f
2024,15,ALB,#00a0dd
2024,15,OCO,#ff87bc
2024,15,SAR,#00a0dd
2024,15,TSU,#364aa9
2024,15,MAG,#b6babd
2024,15,BOT,#00e700
2024,15,ZHO,#00e700
2024,16,LEC,#e8002d
2024,16,PIA,#ff8000
2024,16,NOR,#ff8000
2024,16,SAI,#e8002d
2024,16,HAM,#27f4d2
2024,16,VER,#0600ef
2024,16,RUS,#27f4d2
2024,16,PER,#0600ef
2024,16,ALB,#00a0dd
2024,16,MAG,#b6babd
2024,16,ALO,#00665f
2024,16,COL,#00a0dd
2024,16,RIC,#364aa9
2024,16,OCO,#ff87bc
2024,16,GAS,#ff87bc
2024,16,BOT,#00e700
2024,16,HUL,#b6babd
2024,16,ZHO,#00e700
2024,16,STR,#00665f
2024,16,TSU,#364aa9
2024,17,PIA,#ff8000
2024,17,LEC,#e8002d
2024,17,RUS,#27f4d2
2024,17,NOR,#ff8000
2024,17,VER,#0600ef
2024,17,ALO,#00665f
2024,17,ALB,#00a0dd
2024,17,COL,#00a0dd
2024,17,HAM,#27f4d2
2024,17,BEA,#b6babd
2024,17,HUL,#b6babd
2024,17,GAS,#ff87bc
2024,17,RIC,#364aa9
2024,17,ZHO,#00e700
2024,17,OCO,#ff87bc
2024,17,BOT,#00e700
2024,17,PER,#0600ef
2024,17,SAI,#e8002d
2024,17,STR,#00665f
2024,17,TSU,#364aa9
2024,18,NOR,#ff8000
2024,18,VER,#0600ef
2024,18,PIA,#ff8000
2024,18,RUS,#27f4d2
2024,18,LEC,#e8002d
2024,18,HAM,#27f4d2
2024,18,SAI,#e8002d
2024,18,ALO,#00665f
2024,18,HUL,#b6babd
2024,18,PER,#0600ef
2024,18,COL,#00a0dd
2024,18,TSU,#364aa9
2024,18,OCO,#ff87bc
2024,18,STR,#00665f
2024,18,ZHO,#00e700
2024,18,BOT,#00e700
2024,18,GAS,#ff87bc
2024,18,RIC,#364aa9
2024,18,MAG,#b6babd
2024,18,ALB,#00a0dd
2024,19,LEC,#e8002d
2024,19,SAI,#e8002d
2024,19,VER,#0600ef
2024,19,NOR,#ff8000
2024,19,PIA,#ff8000
2024,19,RUS,#27f4d2
2024,19,PER,#0600ef
2024,19,HUL,#b6babd
2024,19,LAW,#364aa9
2024,19,COL,#00a0dd
2024,19,MAG,#b6babd
2024,19,GAS,#ff87bc
2024,19,ALO,#00665f
2024,19,TSU,#364aa9
2024,19,STR,#00665f
2024,19,ALB,#00a0dd
2024,19,BOT,#00e700
2024,19,OCO,#ff87bc
2024,19,ZHO,#00e700
2024,19,HAM,#27f4d2
2024,20,SAI,#e8002d
2024,20,NOR,#ff8000
2024,20,LEC,#e8002d
2024,20,HAM,#27f4d2
2024,20,RUS,#27f4d2
2024,20,VER,#0600ef
2024,20,MAG,#b6babd
2024,20,PIA,#ff8000
2024,20,HUL,#b6babd
2024,20,GAS,#ff87bc
2024,20,STR,#00665f
2024,20,COL,#00a0dd
2024,20,OCO,#ff87bc
2024,20,BOT,#00e700
2024,20,ZHO,#00e700
2024,20,LAW,#364aa9
2024,20,PER,#0600ef
2024,20,ALO,#00665f
2024,20,ALB,#00a0dd
2024,20,TSU,#364aa9
2024,21,VER,#0600ef
2024,21,OCO,#ff87bc
2024,21,GAS,#ff87bc
2024,21,RUS,#27f4d2
2024,21,LEC,#e8002d
2024,21,NOR,#ff8000
2024,21,TSU,#364aa9
2024,21,PIA,#ff8000
2024,21,LAW,#364aa9
2024,21,HAM,#27f4d2
2024,21,PER,#0600ef
2024,21,BEA,#b6babd
2024,21,BOT,#00e700
2024,21,ALO,#00665f
2024,21,ZHO,#00e700
2024,21,SAI,#e8002d
2024,21,COL,#00a0dd
2024,21,ALB,#00a0dd
2024,21,STR,#00665f
2024,21,HUL,#b6babd
2024,22,RUS,#27f4d2
2024,22,HAM,#27f4d2
2024,22,SAI,#e8002d
2024,22,LEC,#e8002d
2024,22,VER,#0600ef
2024,22,NOR,#ff8000
2024,22,PIA,#ff8000
2024,22,HUL,#b6babd
2024,22,TSU,#364aa9
2024,22,PER,#0600ef
2024,22,ALO,#00665f
2024,22,MAG,#b6babd
2024,22,ZHO,#00e700
2024,22,COL,#00a0dd
2024,22,STR,#00665f
2024,22,LAW,#364aa9
2024,22,OCO,#ff87bc
2024,22,BOT,#00e700
2024,22,ALB,#00a0dd
2024,22,GAS,#ff87bc
2024,23,VER,#0600ef
2024,23,LEC,#e8002d
2024,23,PIA,#ff8000
2024,23,RUS,#27f4d2
2024,23,GAS,#ff87bc
2024,23,SAI,#e8002d
2024,23,ALO,#00665f
2024,23,ZHO,#00e700
2024,23,MAG,#b6babd
2024,23,NOR,#ff8000
2024,23,BOT,#00e700
2024,23,HAM,#27f4d2
2024,23,TSU,#364aa9
2024,23,LAW,#364aa9
2024,23,ALB,#00a0dd
2024,23,HUL,#b6babd
2024,23,PER,#0600ef
2024,23,STR,#00665f
2024,23,COL,#00a0dd
2024,23,OCO,#ff87bc
2024,24,NOR,#ff8000
2024,24,SAI,#e8002d
2024,24,LEC,#e8002d
2024,24,HAM,#27f4d2
2024,24,RUS,#27f4d2
2024,24,VER,#0600ef
2024,24,GAS,#ff87bc
2024,24,HUL,#b6babd
2024,24,ALO,#00665f
2024,24,PIA,#ff8000
2024,24,ALB,#00a0dd
2024,24,TSU,#364aa9
2024,24,ZHO,#00e700
2024,24,STR,#00665f
2024,24,DOO,#ff87bc
2024,24,MAG,#b6babd
2024,24,LAW,#364aa9
2024,24,BOT,#00e700
2024,24,COL,#00a0dd
2024,24,PER,#0600ef
2023,1,VER,#0600ef
2023,1,PER,#0600ef
2023,1,ALO,#00665e
2023,1,SAI,#da291c
2023,1,HAM,#00f5d0
2023,1,STR,#00665e
2023,1,RUS,#00f5d0
2023,1,BOT,#900000
2023,1,GAS,#fe86bc
2023,1,ALB,#00a0dd
2023,1,TSU,#2b4562
2023,1,SAR,#00a0dd
2023,1,MAG,#b6babd
2023,1,DEV,#2b4562
2023,1,HUL,#b6babd
2023,1,ZHO,#900000
2023,1,NOR,#ff8000
2023,1,OCO,#fe86bc
2023,1,LEC,#da291c
2023,1,PIA,#ff8000
2023,2,PER,#0600ef
2023,2,VER,#0600ef
2023,2,ALO,#00665e
2023,2,RUS,#00f5d0
2023,2,HAM,#00f5d0
2023,2,SAI,#da291c
2023,2,LEC,#da291c
2023,2,OCO,#fe86bc
2023,2,GAS,#fe86bc
2023,2,MAG,#b6babd
2023,2,TSU,#2b4562
2023,2,HUL,#b6babd
2023,2,ZHO,#900000
2023,2,DEV,#2b4562
2023,2,PIA,#ff8000
2023,2,SAR,#00a0dd
2023,2,NOR,#ff8000
2023,2,BOT,#900000
2023,2,ALB,#00a0dd
2023,2,STR,#00665e
2023,3,VER,#0600ef
2023,3,HAM,#00f5d0
2023,3,ALO,#00665e
2023,3,STR,#00665e
2023,3,PER,#0600ef
2023,3,NOR,#ff8000
2023,3,HUL,#b6babd
2023,3,PIA,#ff8000
2023,3,ZHO,#900000
2023,3,TSU,#2b4562
2023,3,BOT,#900000
2023,3,SAI,#da291c
2023,3,GAS,#fe86bc
2023,3,OCO,#fe86bc
2023,3,DEV,#2b4562
2023,3,SAR,#00a0dd
2023,3,MAG,#b6babd
2023,3,RUS,#00f5d0
2023,3,ALB,#00a0dd
2023,3,LEC,#da291c
2023,4,PER,#0600ef
2023,4,VER,#0600ef
2023,4,LEC,#da291c
2023,4,ALO,#00665e
2023,4,SAI,#da291c
2023,4,HAM,#00f5d0
2023,4,STR,#00665e
2023,4,RUS,#00f5d0
2023,4,NOR,#ff8000
2023,4,TSU,#2b4562
2023,4,PIA,#ff8000
2023,4,ALB,#00a0dd
2023,4,MAG,#b6babd
2023,4,GAS,#fe86bc
2023,4,OCO,#fe86bc
2023,4,SAR,#00a0dd
2023,4,HUL,#b6babd
2023,4,BOT,#900000
2023,4,ZHO,#900000
2023,4,DEV,#2b4562
2023,5,VER,#0600ef
2023,5,PER,#0600ef
2023,5,ALO,#00665e
2023,5,RUS,#00f5d0
2023,5,SAI,#da291c
2023,5,HAM,#00f5d0
2023,5,LEC,#da291c
2023,5,GAS,#fe86bc
2023,5,OCO,#fe86bc
2023,5,MAG,#b6babd
2023,5,TSU,#2b4562
2023,5,STR,#00665e
2023,5,BOT,#900000
2023,5,ALB,#00a0dd
2023,5,HUL,#b6babd
2023,5,ZHO,#900000
2023,5,NOR,#ff8000
2023,5,DEV,#2b4562
2023,5,PIA,#ff8000
2023,5,SAR,#00a0dd
2023,6,VER,#0600ef
2023,6,ALO,#00665e
2023,6,OCO,#fe86bc
2023,6,HAM,#00f5d0
2023,6,RUS,#00f5d0
2023,6,LEC,#da291c
2023,6,GAS,#fe86bc
2023,6,SAI,#da291c
2023,6,NOR,#ff8000
2023,6,PIA,#ff8000
2023,6,BOT,#900000
2023,6,DEV,#2b4562
2023,6,ZHO,#900000
2023,6,ALB,#00a0dd
2023,6,TSU,#2b4562
2023,6,PER,#0600ef
2023,6,HUL,#b6babd
2023,6,SAR,#00a0dd
2023,6,MAG,#b6babd
2023,6,STR,#00665e
2023,7,VER,#0600ef
2023,7,HAM,#00f5d0
2023,7,RUS,#00f5d0
2023,7,PER,#0600ef
2023,7,SAI,#da291c
2023,7,STR,#00665e
2023,7,ALO,#00665e
2023,7,OCO,#fe86bc
2023,7,ZHO,#900000
2023,7,GAS,#fe86bc
2023,7,LEC,#da291c
2023,7,TSU,#2b4562
2023,7,PIA,#ff8000
2023,7,DEV,#2b4562
2023,7,HUL,#b6babd
2023,7,ALB,#00a0dd
2023,7,NOR,#ff8000
2023,7,MAG,#b6babd
2023,7,BOT,#900000
2023,7,SAR,#00a0dd
2023,8,VER,#0600ef
2023,8,ALO,#00665e
2023,8,HAM,#00f5d0
2023,8,LEC,#da291c
2023,8,SAI,#da291c
2023,8,PER,#0600ef
2023,8,ALB,#00a0dd
2023,8,OCO,#fe86bc
2023,8,STR,#00665e
2023,8,BOT,#900000
2023,8,PIA,#ff8000
2023,8,GAS,#fe86bc
2023,8,NOR,#ff8000
2023,8,TSU,#2b4562
2023,8,HUL,#b6babd
2023,8,ZHO,#900000
2023,8,MAG,#b6babd
2023,8,DEV,#2b4562
2023,8,RUS,#00f5d0
2023,8,SAR,#00a0dd
2023,9,VER,#0600ef
2023,9,LEC,#da291c
2023,9,PER,#0600ef
2023,9,NOR,#ff8000
2023,9,ALO,#00665e
2023,9,SAI,#da291c
2023,9,RUS,#00f5d0
2023,9,HAM,#00f5d0
2023,9,STR,#00665e
2023,9,GAS,#fe86bc
2023,9,ALB,#00a0dd
2023,9,ZHO,#900000
2023,9,SAR,#00a0dd
2023,9,OCO,#fe86bc
2023,9,BOT,#900000
2023,9,PIA,#ff8000
2023,9,DEV,#2b4562
2023,9,MAG,#b6babd
2023,9,TSU,#2b4562
2023,9,HUL,#b6babd
2023,10,VER,#0600ef
2023,10,NOR,#ff8000
2023,10,HAM,#00f5d0
2023,10,PIA,#ff8000
2023,10,RUS,#00f5d0
2023,10,PER,#0600ef
2023,10,ALO,#00665e
2023,10,ALB,#00a0dd
2023,10,LEC,#da291c
2023,10,SAI,#da291c
2023,10,SAR,#00a0dd
2023,10,BOT,#900000
2023,10,HUL,#b6babd
2023,10,STR,#00665e
2023,10,ZHO,#900000
2023,10,TSU,#2b4562
2023,10,DEV,#2b4562
2023,10,GAS,#fe86bc
2023,10,MAG,#b6babd
2023,10,OCO,#fe86bc
2023,11,VER,#0600ef
2023,11,NOR,#ff8000
2023,11,PER,#0600ef
2023,11,HAM,#00f5d0
2023,11,PIA,#ff8000
2023,11,RUS,#00f5d0
2023,11,LEC,#da291c
2023,11,SAI,#da291c
2023,11,ALO,#00665e
2023,11,STR,#00665e
2023,11,ALB,#00a0dd
2023,11,BOT,#900000
2023,11,RIC,#2b4562
2023,11,HUL,#b6babd
2023,11,TSU,#2b4562
2023,11,ZHO,#900000
2023,11,MAG,#b6babd
2023,11,SAR,#00a0dd
2023,11,OCO,#fe86bc
2023,11,GAS,#fe86bc
2023,12,VER,#0600ef
2023,12,PER,#0600ef
2023,12,LEC,#da291c
2023,12,HAM,#00f5d0
2023,12,ALO,#00665e
2023,12,RUS,#00f5d0
2023,12,NOR,#ff8000
2023,12,OCO,#fe86bc
2023,12,STR,#00665e
2023,12,TSU,#2b4562
2023,12,GAS,#fe86bc
2023,12,BOT,#900000
2023,12,ZHO,#900000
2023,12,ALB,#00a0dd
2023,12,MAG,#b6babd
2023,12,RIC,#2b4562
2023,12,SAR,#00a0dd
2023,12,HUL,#b6babd
2023,12,SAI,#da291c
2023,12,PIA,#ff8000
2023,13,VER,#0600ef
2023,13,ALO,#00665e
2023,13,GAS,#fe86bc
2023,13,PER,#0600ef
2023,13,SAI,#da291c
2023,13,HAM,#00f5d0
2023,13,NOR,#ff8000
2023,13,ALB,#00a0dd
2023,13,PIA,#ff8000
2023,13,OCO,#fe86bc
2023,13,STR,#00665e
2023,13,HUL,#b6babd
2023,13,LAW,#2b4562
2023,13,BOT,#900000
2023,13,TSU,#2b4562
2023,13,MAG,#b6babd
2023,13,RUS,#00f5d0
2023,13,ZHO,#900000
2023,13,LEC,#da291c
2023,13,SAR,#00a0dd
2023,14,VER,#0600ef
2023,14,PER,#0600ef
2023,14,SAI,#da291c
2023,14,LEC,#da291c
2023,14,RUS,#00f5d0
2023,14,HAM,#00f5d0
2023,14,ALB,#00a0dd
2023,14,NOR,#ff8000
2023,14,ALO,#00665e
2023,14,BOT,#900000
2023,14,LAW,#2b4562
2023,14,PIA,#ff8000
2023,14,SAR,#00a0dd
2023,14,ZHO,#900000
2023,14,GAS,#fe86bc
2023,14,STR,#00665e
2023,14,HUL,#b6babd
2023,14,MAG,#b6babd
2023,14,OCO,#fe86bc
2023,14,TSU,#2b4562
2023,15,SAI,#da291c
2023,15,NOR,#ff8000
2023,15,HAM,#00f5d0
2023,15,LEC,#da291c
2023,15,VER,#0600ef
2023,15,GAS,#fe86bc
2023,15,PIA,#ff8000
2023,15,PER,#0600ef
2023,15,LAW,#2b4562
2023,15,MAG,#b6babd
2023,15,ALB,#00a0dd
2023,15,ZHO,#900000
2023,15,HUL,#b6babd
2023,15,SAR,#00a0dd
2023,15,ALO,#00665e
2023,15,RUS,#00f5d0
2023,15,BOT,#900000
2023,15,OCO,#fe86bc
2023,15,TSU,#2b4562
2023,15,STR,#ff8000
2023,16,VER,#0600ef
2023,16,NOR,#ff8000
2023,16,PIA,#ff8000
2023,16,LEC,#da291c
2023,16,HAM,#00f5d0
2023,16,SAI,#da291c
2023,16,RUS,#00f5d0
2023,16,ALO,#00665e
2023,16,OCO,#fe86bc
2023,16,GAS,#fe86bc
2023,16,LAW,#2b4562
2023,16,TSU,#2b4562
2023,16,ZHO,#900000
2023,16,HUL,#b6babd
2023,16,MAG,#b6babd
2023,16,ALB,#00a0dd
2023,16,SAR,#00a0dd
2023,16,STR,#00665e
2023,16,PER,#0600ef
2023,16,BOT,#900000
2023,17,VER,#0600ef
2023,17,PIA,#ff8000
2023,17,NOR,#ff8000
2023,17,RUS,#00f5d0
2023,17,LEC,#da291c
2023,17,ALO,#00665e
2023,17,OCO,#fe86bc
2023,17,BOT,#900000
2023,17,ZHO,#900000
2023,17,PER,#0600ef
2023,17,STR,#00665e
2023,17,GAS,#fe86bc
2023,17,ALB,#00a0dd
2023,17,MAG,#b6babd
2023,17,TSU,#2b4562
2023,17,HUL,#b6babd
2023,17,LAW,#2b4562
2023,17,SAR,#00a0dd
2023,17,HAM,#00f5d0
2023,17,SAI,#da291c
2023,18,VER,#0600ef
2023,18,NOR,#ff8000
2023,18,SAI,#da291c
2023,18,PER,#0600ef
2023,18,RUS,#00f5d0
2023,18,GAS,#fe86bc
2023,18,STR,#00665e
2023,18,TSU,#2b4562
2023,18,ALB,#00a0dd
2023,18,SAR,#00a0dd
2023,18,HUL,#b6babd
2023,18,BOT,#900000
2023,18,ZHO,#900000
2023,18,MAG,#b6babd
2023,18,RIC,#2b4562
2023,18,ALO,#00665e
2023,18,PIA,#ff8000
2023,18,OCO,#fe86bc
2023,18,HAM,#00f5d0
2023,18,LEC,#da291c
2023,19,VER,#0600ef
2023,19,HAM,#00f5d0
2023,19,LEC,#da291c
2023,19,SAI,#da291c
2023,19,NOR,#ff8000
2023,19,RUS,#00f5d0
2023,19,RIC,#2b4562
2023,19,PIA,#ff8000
2023,19,ALB,#00a0dd
2023,19,OCO,#fe86bc
2023,19,GAS,#fe86bc
2023,19,TSU,#2b4562
2023,19,HUL,#b6babd
2023,19,ZHO,#900000
2023,19,BOT,#900000
2023,19,SAR,#00a0dd
2023,19,STR,#00665e
2023,19,ALO,#00665e
2023,19,MAG,#b6babd
2023,19,PER,#0600ef
2023,20,VER,#0600ef
2023,20,NOR,#ff8000
2023,20,ALO,#00665e
2023,20,PER,#0600ef
2023,20,STR,#00665e
2023,20,SAI,#da291c
2023,20,GAS,#fe86bc
2023,20,HAM,#00f5d0
2023,20,TSU,#2b4562
2023,20,OCO,#fe86bc
2023,20,SAR,#00a0dd
2023,20,HUL,#b6babd
2023,20,RIC,#2b4562
2023,20,PIA,#ff8000
2023,20,RUS,#00f5d0
2023,20,BOT,#900000
2023,20,ZHO,#900000
2023,20,MAG,#b6babd
2023,20,ALB,#00a0dd
2023,20,LEC,#da291c
2023,21,VER,#0600ef
2023,21,LEC,#da291c
2023,21,PER,#0600ef
2023,21,OCO,#fe86bc
2023,21,STR,#00665e
2023,21,SAI,#da291c
2023,21,HAM,#00f5d0
2023,21,RUS,#00f5d0
2023,21,ALO,#00665e
2023,21,PIA,#ff8000
2023,21,GAS,#fe86bc
2023,21,ALB,#00a0dd
2023,21,MAG,#b6babd
2023,21,RIC,#2b4562
2023,21,ZHO,#900000
2023,21,SAR,#00a0dd
2023,21,BOT,#900000
2023,21,TSU,#2b4562
2023,21,HUL,#b6babd
2023,21,NOR,#ff8000
2023,22,VER,#0600ef
2023,22,LEC,#da291c
2023,22,RUS,#00f5d0
2023,22,PER,#0600ef
2023,22,NOR,#ff8000
2023,22,PIA,#ff8000
2023,22,ALO,#00665e
2023,22,TSU,#2b4562
2023,22,HAM,#00f5d0
2023,22,STR,#00665e
2023,22,RIC,#2b4562
2023,22,OCO,#fe86bc
2023,22,GAS,#fe86bc
2023,22,ALB,#00a0dd
2023,22,HUL,#b6babd
2023,22,SAR,#00a0dd
2023,22,ZHO,#900000
2023,22,SAI,#da291c
2023,22,BOT,#900000
2023,22,MAG,#b6babd
2022,1,LEC,#da291c
2022,1,SAI,#da291c
2022,1,HAM,#00f5d0
2022,1,RUS,#00f5d0
2022,1,MAG,#b6babd
2022,1,BOT,#900000
2022,1,OCO,#fe86bc
2022,1,TSU,#2b4562
2022,1,ALO,#fe86bc
2022,1,ZHO,#900000
2022,1,MSC,#b6babd
2022,1,STR,#00665e
2022,1,ALB,#00a0dd
2022,1,RIC,#ff8000
2022,1,NOR,#ff8000
2022,1,LAT,#00a0dd
2022,1,HUL,#00665e
2022,1,PER,#0600ef
2022,1,VER,#0600ef
2022,1,GAS,#2b4562
2022,3,LEC,#da291c
2022,3,PER,#0600ef
2022,3,RUS,#00f5d0
2022,3,HAM,#00f5d0
2022,3,NOR,#ff8000
2022,3,RIC,#ff8000
2022,3,OCO,#fe86bc
2022,3,BOT,#900000
2022,3,GAS,#2b4562
2022,3,ALB,#00a0dd
2022,3,ZHO,#900000
2022,3,STR,#00665e
2022,3,MSC,#b6babd
2022,3,MAG,#b6babd
2022,3,TSU,#2b4562
2022,3,LAT,#00a0dd
2022,3,ALO,#fe86bc
2022,3,VER,#0600ef
2022,3,VET,#00665e
2022,3,SAI,#da291c
2022,4,VER,#0600ef
2022,4,PER,#0600ef
2022,4,NOR,#ff8000
2022,4,RUS,#00f5d0
2022,4,BOT,#900000
2022,4,LEC,#da291c
2022,4,TSU,#2b4562
2022,4,VET,#00665e
2022,4,MAG,#b6babd
2022,4,STR,#00665e
2022,4,ALB,#00a0dd
2022,4,GAS,#2b4562
2022,4,HAM,#00f5d0
2022,4,OCO,#fe86bc
2022,4,ZHO,#900000
2022,4,LAT,#00a0dd
2022,4,MSC,#b6babd
2022,4,RIC,#ff8000
2022,4,ALO,#fe86bc
2022,4,SAI,#da291c
2022,5,VER,#0600ef
2022,5,LEC,#da291c
2022,5,SAI,#da291c
2022,5,PER,#0600ef
2022,5,RUS,#00f5d0
2022,5,HAM,#00f5d0
2022,5,BOT,#900000
2022,5,OCO,#fe86bc
2022,5,ALB,#00a0dd
2022,5,STR,#00665e
2022,5,ALO,#fe86bc
2022,5,TSU,#2b4562
2022,5,RIC,#ff8000
2022,5,LAT,#00a0dd
2022,5,MSC,#b6babd
2022,5,MAG,#b6babd
2022,5,VET,#00665e
2022,5,GAS,#2b4562
2022,5,NOR,#ff8000
2022,5,ZHO,#900000
2022,6,VER,#0600ef
2022,6,PER,#0600ef
2022,6,RUS,#00f5d0
2022,6,SAI,#da291c
2022,6,HAM,#00f5d0
2022,6,BOT,#900000
2022,6,OCO,#fe86bc
2022,6,NOR,#ff8000
2022,6,ALO,#fe86bc
2022,6,TSU,#2b4562
2022,6,VET,#00665e
2022,6,RIC,#ff8000
2022,6,GAS,#2b4562
2022,6,MSC,#b6babd
2022,6,STR,#00665e
2022,6,LAT,#00a0dd
2022,6,MAG,#b6babd
2022,6,ALB,#00a0dd
2022,6,ZHO,#900000
2022,6,LEC,#da291c
2022,7,PER,#0600ef
2022,7,SAI,#da291c
2022,7,VER,#0600ef
2022,7,LEC,#da291c
2022,7,RUS,#00f5d0
2022,7,NOR,#ff8000
2022,7,ALO,#fe86bc
2022,7,HAM,#00f5d0
2022,7,BOT,#900000
2022,7,VET,#00665e
2022,7,GAS,#2b4562
2022,7,OCO,#fe86bc
2022,7,RIC,#ff8000
2022,7,STR,#00665e
2022,7,LAT,#00a0dd
2022,7,ZHO,#900000
2022,7,TSU,#2b4562
2022,7,ALB,#00a0dd
2022,7,MSC,#b6babd
2022,7,MAG,#b6babd
2022,8,VER,#0600ef
2022,8,PER,#0600ef
2022,8,RUS,#00f5d0
2022,8,HAM,#00f5d0
2022,8,GAS,#2b4562
2022,8,VET,#00665e
2022,8,ALO,#fe86bc
2022,8,RIC,#ff8000
2022,8,NOR,#ff8000
2022,8,OCO,#fe86bc
2022,8,BOT,#900000
2022,8,ALB,#00a0dd
2022,8,TSU,#2b4562
2022,8,MSC,#b6babd
2022,8,LAT,#00a0dd
2022,8,STR,#00665e
2022,8,MAG,#b6babd
2022,8,ZHO,#900000
2022,8,LEC,#da291c
2022,8,SAI,#da291c
2022,9,VER,#0600ef
2022,9,SAI,#da291c
2022,9,HAM,#00f5d0
2022,9,RUS,#00f5d0
2022,9,LEC,#da291c
2022,9,OCO,#fe86bc
2022,9,BOT,#900000
2022,9,ZHO,#900000
2022,9,ALO,#fe86bc
2022,9,STR,#00665e
2022,9,RIC,#ff8000
2022,9,VET,#00665e
2022,9,ALB,#00a0dd
2022,9,GAS,#2b4562
2022,9,NOR,#ff8000
2022,9,LAT,#00a0dd
2022,9,MAG,#b6babd
2022,9,TSU,#2b4562
2022,9,MSC,#b6babd
2022,9,PER,#0600ef
2022,10,SAI,#da291c
2022,10,PER,#0600ef
2022,10,HAM,#00f5d0
2022,10,LEC,#da291c
2022,10,ALO,#fe86bc
2022,10,NOR,#ff8000
2022,10,VER,#0600ef
2022,10,MSC,#b6babd
2022,10,VET,#00665e
2022,10,MAG,#b6babd
2022,10,STR,#00665e
2022,10,LAT,#00a0dd
2022,10,RIC,#ff8000
2022,10,TSU,#2b4562
2022,10,OCO,#fe86bc
2022,10,GAS,#2b4562
2022,10,BOT,#900000
2022,10,RUS,#00f5d0
2022,10,ZHO,#900000
2022,10,ALB,#00a0dd
2022,11,LEC,#da291c
2022,11,VER,#0600ef
2022,11,HAM,#00f5d0
2022,11,RUS,#00f5d0
2022,11,OCO,#fe86bc
2022,11,MSC,#b6babd
2022,11,NOR,#ff8000
2022,11,MAG,#b6babd
2022,11,RIC,#ff8000
2022,11,ALO,#fe86bc
2022,11,BOT,#900000
2022,11,ALB,#00a0dd
2022,11,STR,#00665e
2022,11,ZHO,#900000
2022,11,GAS,#2b4562
2022,11,TSU,#2b4562
2022,11,VET,#00665e
2022,11,SAI,#da291c
2022,11,LAT,#00a0dd
2022,11,PER,#0600ef
2022,12,VER,#0600ef
2022,12,HAM,#00f5d0
2022,12,RUS,#00f5d0
2022,12,PER,#0600ef
2022,12,SAI,#da291c
2022,12,ALO,#fe86bc
2022,12,NOR,#ff8000
2022,12,OCO,#fe86bc
2022,12,RIC,#ff8000
2022,12,STR,#00665e
2022,12,VET,#00665e
2022,12,GAS,#2b4562
2022,12,ALB,#00a0dd
2022,12,BOT,#900000
2022,12,MSC,#b6babd
2022,12,ZHO,#900000
2022,12,LAT,#00a0dd
2022,12,MAG,#b6babd
2022,12,LEC,#da291c
2022,12,TSU,#2b4562
2022,13,VER,#0600ef
2022,13,HAM,#00f5d0
2022,13,RUS,#00f5d0
2022,13,SAI,#da291c
2022,13,PER,#0600ef
2022,13,LEC,#da291c
2022,13,NOR,#ff8000
2022,13,ALO,#fe86bc
2022,13,OCO,#fe86bc
2022,13,VET,#00665e
2022,13,STR,#00665e
2022,13,GAS,#2b4562
2022,13,ZHO,#900000
2022,13,MSC,#b6babd
2022,13,RIC,#ff8000
2022,13,MAG,#b6babd
2022,13,ALB,#00a0dd
2022,13,LAT,#00a0dd
2022,13,TSU,#2b4562
2022,13,BOT,#900000
2022,14,VER,#0600ef
2022,14,PER,#0600ef
2022,14,SAI,#da291c
2022,14,RUS,#00f5d0
2022,14,ALO,#fe86bc
2022,14,LEC,#da291c
2022,14,OCO,#fe86bc
2022,14,VET,#00665e
2022,14,GAS,#2b4562
2022,14,ALB,#00a0dd
2022,14,STR,#00665e
2022,14,NOR,#ff8000
2022,14,TSU,#2b4562
2022,14,ZHO,#900000
2022,14,RIC,#ff8000
2022,14,MAG,#b6babd
2022,14,MSC,#b6babd
2022,14,LAT,#00a0dd
2022,14,BOT,#900000
2022,14,HAM,#00f5d0
2022,15,VER,#0600ef
2022,15,RUS,#00f5d0
2022,15,LEC,#da291c
2022,15,HAM,#00f5d0
2022,15,PER,#0600ef
2022,15,ALO,#fe86bc
2022,15,NOR,#ff8000
2022,15,SAI,#da291c
2022,15,OCO,#fe86bc
2022,15,STR,#00665e
2022,15,GAS,#2b4562
2022,15,ALB,#00a0dd
2022,15,MSC,#b6babd
2022,15,VET,#00665e
2022,15,MAG,#b6babd
2022,15,ZHO,#900000
2022,15,RIC,#ff8000
2022,15,LAT,#00a0dd
2022,15,BOT,#900000
2022,15,TSU,#2b4562
2022,16,VER,#0600ef
2022,16,LEC,#da291c
2022,16,RUS,#00f5d0
2022,16,SAI,#da291c
2022,16,HAM,#00f5d0
2022,16,PER,#0600ef
2022,16,NOR,#ff8000
2022,16,GAS,#2b4562
2022,16,DEV,#00a0dd
2022,16,ZHO,#900000
2022,16,OCO,#fe86bc
2022,16,MSC,#b6babd
2022,16,BOT,#900000
2022,16,TSU,#2b4562
2022,16,LAT,#00a0dd
2022,16,MAG,#b6babd
2022,16,RIC,#ff8000
2022,16,STR,#00665e
2022,16,ALO,#fe86bc
2022,16,VET,#00665e
2022,17,PER,#0600ef
2022,17,LEC,#da291c
2022,17,SAI,#da291c
2022,17,NOR,#ff8000
2022,17,RIC,#ff8000
2022,17,STR,#00665e
2022,17,VER,#0600ef
2022,17,VET,#00665e
2022,17,HAM,#00f5d0
2022,17,GAS,#2b4562
2022,17,BOT,#900000
2022,17,MAG,#b6babd
2022,17,MSC,#b6babd
2022,17,RUS,#00f5d0
2022,17,TSU,#2b4562
2022,17,OCO,#fe86bc
2022,17,ALB,#00a0dd
2022,17,ALO,#fe86bc
2022,17,LAT,#00a0dd
2022,17,ZHO,#900000
2022,18,VER,#0600ef
2022,18,PER,#0600ef
2022,18,LEC,#da291c
2022,18,OCO,#fe86bc
2022,18,HAM,#00f5d0
2022,18,VET,#00665e
2022,18,ALO,#fe86bc
2022,18,RUS,#00f5d0
2022,18,LAT,#00a0dd
2022,18,NOR,#ff8000
2022,18,RIC,#ff8000
2022,18,STR,#00665e
2022,18,TSU,#2b4562
2022,18,MAG,#b6babd
2022,18,BOT,#900000
2022,18,ZHO,#900000
2022,18,MSC,#b6babd
2022,18,GAS,#2b4562
2022,18,SAI,#da291c
2022,18,ALB,#00a0dd
2022,19,VER,#0600ef
2022,19,HAM,#00f5d0
2022,19,LEC,#da291c
2022,19,PER,#0600ef
2022,19,RUS,#00f5d0
2022,19,NOR,#ff8000
2022,19,ALO,#fe86bc
2022,19,VET,#00665e
2022,19,MAG,#b6babd
2022,19,TSU,#2b4562
2022,19,OCO,#fe86bc
2022,19,ZHO,#900000
2022,19,ALB,#00a0dd
2022,19,GAS,#2b4562
2022,19,MSC,#b6babd
2022,19,RIC,#ff8000
2022,19,LAT,#00a0dd
2022,19,STR,#00665e
2022,19,BOT,#900000
2022,19,SAI,#da291c
2022,20,VER,#0600ef
2022,20,HAM,#00f5d0
2022,20,PER,#0600ef
2022,20,RUS,#00f5d0
2022,20,SAI,#da291c
2022,20,LEC,#da291c
2022,20,RIC,#ff8000
2022,20,OCO,#fe86bc
2022,20,NOR,#ff8000
2022,20,BOT,#900000
2022,20,GAS,#2b4562
2022,20,ALB,#00a0dd
2022,20,ZHO,#900000
2022,20,VET,#00665e
2022,20,STR,#00665e
2022,20,MSC,#b6babd
2022,20,MAG,#b6babd
2022,20,LAT,#00a0dd
2022,20,ALO,#fe86bc
2022,20,TSU,#2b4562
2022,21,RUS,#00f5d0
2022,21,HAM,#00f5d0
2022,21,SAI,#da291c
2022,21,LEC,#da291c
2022,21,ALO,#fe86bc
2022,21,VER,#0600ef
2022,21,PER,#0600ef
2022,21,OCO,#fe86bc
2022,21,BOT,#900000
2022,21,STR,#00665e
2022,21,VET,#00665e
2022,21,ZHO,#900000
2022,21,MSC,#b6babd
2022,21,GAS,#2b4562
2022,21,ALB,#00a0dd
2022,21,LAT,#00a0dd
2022,21,TSU,#2b4562
2022,21,NOR,#ff8000
2022,21,MAG,#b6babd
2022,21,RIC,#ff8000
2022,22,VER,#0600ef
2022,22,LEC,#da291c
2022,22,PER,#0600ef
2022,22,SAI,#da291c
2022,22,RUS,#00f5d0
2022,22,NOR,#ff8000
2022,22,OCO,#fe86bc
2022,22,STR,#00665e
2022,22,RIC,#ff8000
2022,22,VET,#00665e
2022,22,TSU,#2b4562
2022,22,ZHO,#900000
2022,22,ALB,#00a0dd
2022,22,GAS,#2b4562
2022,22,BOT,#900000
2022,22,MSC,#b6babd
2022,22,MAG,#b6babd
2022,22,HAM,#00f5d0
2022,22,LAT,#00a0dd
2022,22,ALO,#fe86bc
2021,1,HAM,#00f5d0
2021,1,VER,#0600ef
2021,1,BOT,#00f5d0
2021,1,NOR,#ff8000
2021,1,PER,#0600ef
2021,1,LEC,#dc0004
2021,1,RIC,#ff8000
2021,1,SAI,#dc0004
2021,1,TSU,#2b4562
2021,1,STR,#00665e
2021,1,RAI,#900000
2021,1,GIO,#900000
2021,1,OCO,#0755ab
2021,1,RUS,#00a0dd
2021,1,VET,#00665e
2021,1,MSC,#b6babd
2021,1,GAS,#2b4562
2021,1,LAT,#00a0dd
2021,1,ALO,#0755ab
2021,1,MAZ,#b6babd
2021,2,VER,#0600ef
2021,2,HAM,#00f5d0
2021,2,NOR,#ff8000
2021,2,LEC,#dc0004
2021,2,SAI,#dc0004
2021,2,RIC,#ff8000
2021,2,GAS,#2b4562
2021,2,STR,#00665e
2021,2,OCO,#0755ab
2021,2,ALO,#0755ab
2021,2,PER,#0600ef
2021,2,TSU,#2b4562
2021,2,RAI,#900000
2021,2,GIO,#900000
2021,2,VET,#00665e
2021,2,MSC,#b6babd
2021,2,MAZ,#b6babd
2021,2,BOT,#00f5d0
2021,2,RUS,#00a0dd
2021,2,LAT,#00a0dd
2021,3,HAM,#00f5d0
2021,3,VER,#0600ef
2021,3,BOT,#00f5d0
2021,3,PER,#0600ef
2021,3,NOR,#ff8000
2021,3,LEC,#dc0004
2021,3,OCO,#0755ab
2021,3,ALO,#0755ab
2021,3,RIC,#ff8000
2021,3,GAS,#2b4562
2021,3,SAI,#dc0004
2021,3,GIO,#900000
2021,3,VET,#00665e
2021,3,STR,#00665e
2021,3,TSU,#2b4562
2021,3,RUS,#00a0dd
2021,3,MSC,#b6babd
2021,3,LAT,#00a0dd
2021,3,MAZ,#b6babd
2021,3,RAI,#900000
2021,4,HAM,#00f5d0
2021,4,VER,#0600ef
2021,4,BOT,#00f5d0
2021,4,LEC,#dc0004
2021,4,PER,#0600ef
2021,4,RIC,#ff8000
2021,4,SAI,#dc0004
2021,4,NOR,#ff8000
2021,4,OCO,#0755ab
2021,4,GAS,#2b4562
2021,4,STR,#00665e
2021,4,RAI,#900000
2021,4,VET,#00665e
2021,4,RUS,#00a0dd
2021,4,GIO,#900000
2021,4,LAT,#00a0dd
2021,4,ALO,#0755ab
2021,4,MSC,#b6babd
2021,4,MAZ,#b6babd
2021,4,TSU,#2b4562
2021,5,VER,#0600ef
2021,5,SAI,#dc0004
2021,5,NOR,#ff8000
2021,5,PER,#0600ef
2021,5,VET,#00665e
2021,5,GAS,#2b4562
2021,5,HAM,#00f5d0
2021,5,STR,#00665e
2021,5,OCO,#0755ab
2021,5,GIO,#900000
2021,5,RAI,#900000
2021,5,RIC,#ff8000
2021,5,ALO,#0755ab
2021,5,RUS,#00a0dd
2021,5,LAT,#00a0dd
2021,5,TSU,#2b4562
2021,5,MAZ,#b6babd
2021,5,MSC,#b6babd
2021,5,BOT,#00f5d0
2021,5,LEC,#dc0004
2021,6,PER,#0600ef
2021,6,VET,#00665e
2021,6,GAS,#2b4562
2021,6,LEC,#dc0004
2021,6,NOR,#ff8000
2021,6,ALO,#0755ab
2021,6,TSU,#2b4562
2021,6,SAI,#dc0004
2021,6,RIC,#ff8000
2021,6,RAI,#900000
2021,6,GIO,#900000
2021,6,BOT,#00f5d0
2021,6,MSC,#b6babd
2021,6,MAZ,#b6babd
2021,6,HAM,#00f5d0
2021,6,LAT,#00a0dd
2021,6,RUS,#00a0dd
2021,6,VER,#0600ef
2021,6,STR,#00665e
2021,6,OCO,#0755ab
2021,7,VER,#0600ef
2021,7,HAM,#00f5d0
2021,7,PER,#0600ef
2021,7,BOT,#00f5d0
2021,7,NOR,#ff8000
2021,7,RIC,#ff8000
2021,7,GAS,#2b4562
2021,7,ALO,#0755ab
2021,7,VET,#00665e
2021,7,STR,#00665e
2021,7,SAI,#dc0004
2021,7,RUS,#00a0dd
2021,7,TSU,#2b4562
2021,7,OCO,#0755ab
2021,7,GIO,#900000
2021,7,LEC,#dc0004
2021,7,RAI,#900000
2021,7,LAT,#00a0dd
2021,7,MSC,#b6babd
2021,7,MAZ,#b6babd
2021,8,VER,#0600ef
2021,8,HAM,#00f5d0
2021,8,BOT,#00f5d0
2021,8,PER,#0600ef
2021,8,NOR,#ff8000
2021,8,SAI,#dc0004
2021,8,LEC,#dc0004
2021,8,STR,#00665e
2021,8,ALO,#0755ab
2021,8,TSU,#2b4562
2021,8,RAI,#900000
2021,8,VET,#00665e
2021,8,RIC,#ff8000
2021,8,OCO,#0755ab
2021,8,GIO,#900000
2021,8,MSC,#b6babd
2021,8,LAT,#00a0dd
2021,8,MAZ,#b6babd
2021,8,RUS,#00a0dd
2021,8,GAS,#2b4562
2021,9,VER,#0600ef
2021,9,BOT,#00f5d0
2021,9,NOR,#ff8000
2021,9,HAM,#00f5d0
2021,9,SAI,#dc0004
2021,9,PER,#0600ef
2021,9,RIC,#ff8000
2021,9,LEC,#dc0004
2021,9,GAS,#2b4562
2021,9,ALO,#0755ab
2021,9,RUS,#00a0dd
2021,9,TSU,#2b4562
2021,9,STR,#00665e
2021,9,GIO,#900000
2021,9,RAI,#900000
2021,9,LAT,#00a0dd
2021,9,VET,#00665e
2021,9,MSC,#b6babd
2021,9,MAZ,#b6babd
2021,9,OCO,#0755ab
2021,10,HAM,#00f5d0
2021,10,LEC,#dc0004
2021,10,BOT,#00f5d0
2021,10,NOR,#ff8000
2021,10,RIC,#ff8000
2021,10,SAI,#dc0004
2021,10,ALO,#0755ab
2021,10,STR,#00665e
2021,10,OCO,#0755ab
2021,10,TSU,#2b4562
2021,10,GAS,#2b4562
2021,10,RUS,#00a0dd
2021,10,GIO,#900000
2021,10,LAT,#00a0dd
2021,10,RAI,#900000
2021,10,PER,#0600ef
2021,10,MAZ,#b6babd
2021,10,MSC,#b6babd
2021,10,VET,#00665e
2021,10,VER,#0600ef
2021,11,OCO,#0755ab
2021,11,HAM,#00f5d0
2021,11,SAI,#dc0004
2021,11,ALO,#0755ab
2021,11,GAS,#2b4562
2021,11,TSU,#2b4562
2021,11,LAT,#00a0dd
2021,11,RUS,#00a0dd
2021,11,VER,#0600ef
2021,11,RAI,#900000
2021,11,RIC,#ff8000
2021,11,MSC,#b6babd
2021,11,GIO,#900000
2021,11,MAZ,#b6babd
2021,11,NOR,#ff8000
2021,11,BOT,#00f5d0
2021,11,PER,#0600ef
2021,11,LEC,#dc0004
2021,11,STR,#00665e
2021,11,VET,#00665e
2021,12,VER,#0600ef
2021,12,RUS,#00a0dd
2021,12,HAM,#00f5d0
2021,12,RIC,#ff8000
2021,12,VET,#00665e
2021,12,GAS,#2b4562
2021,12,OCO,#0755ab
2021,12,LEC,#dc0004
2021,12,LAT,#00a0dd
2021,12,SAI,#dc0004
2021,12,ALO,#0755ab
2021,12,BOT,#00f5d0
2021,12,GIO,#900000
2021,12,NOR,#ff8000
2021,12,TSU,#2b4562
2021,12,MSC,#b6babd
2021,12,MAZ,#b6babd
2021,12,RAI,#900000
2021,12,PER,#0600ef
2021,12,STR,#00665e
2021,13,VER,#0600ef
2021,13,HAM,#00f5d0
2021,13,BOT,#00f5d0
2021,13,GAS,#2b4562
2021,13,LEC,#dc0004
2021,13,ALO,#0755ab
2021,13,SAI,#dc0004
2021,13,PER,#0600ef
2021,13,OCO,#0755ab
2021,13,NOR,#ff8000
2021,13,RIC,#ff8000
2021,13,STR,#00665e
2021,13,VET,#00665e
2021,13,GIO,#900000
2021,13,KUB,#900000
2021,13,LAT,#00a0dd
2021,13,RUS,#00a0dd
2021,13,MSC,#b6babd
2021,13,TSU,#2b4562
2021,13,MAZ,#b6babd
2021,14,RIC,#ff8000
2021,14,NOR,#ff8000
2021,14,BOT,#00f5d0
2021,14,LEC,#dc0004
2021,14,PER,#0600ef
2021,14,SAI,#dc0004
2021,14,STR,#00665e
2021,14,ALO,#0755ab
2021,14,RUS,#00a0dd
2021,14,OCO,#0755ab
2021,14,LAT,#00a0dd
2021,14,VET,#00665e
2021,14,GIO,#900000
2021,14,KUB,#900000
2021,14,MSC,#b6babd
2021,14,MAZ,#b6babd
2021,14,HAM,#00f5d0
2021,14,VER,#0600ef
2021,14,GAS,#2b4562
2021,14,TSU,#2b4562
2021,15,HAM,#00f5d0
2021,15,VER,#0600ef
2021,15,SAI,#dc0004
2021,15,RIC,#ff8000
2021,15,BOT,#00f5d0
2021,15,ALO,#0755ab
2021,15,NOR,#ff8000
2021,15,RAI,#900000
2021,15,PER,#0600ef
2021,15,RUS,#00a0dd
2021,15,STR,#00665e
2021,15,VET,#00665e
2021,15,GAS,#2b4562
2021,15,OCO,#0755ab
2021,15,LEC,#dc0004
2021,15,GIO,#900000
2021,15,TSU,#2b4562
2021,15,MAZ,#b6babd
2021,15,LAT,#00a0dd
2021,15,MSC,#b6babd
2021,16,BOT,#00f5d0
2021,16,VER,#0600ef
2021,16,PER,#0600ef
2021,16,LEC,#dc0004
2021,16,HAM,#00f5d0
2021,16,GAS,#2b4562
2021,16,NOR,#ff8000
2021,16,SAI,#dc0004
2021,16,STR,#00665e
2021,16,OCO,#0755ab
2021,16,GIO,#900000
2021,16,RAI,#900000
2021,16,RIC,#ff8000
2021,16,TSU,#2b4562
2021,16,RUS,#00a0dd
2021,16,ALO,#0755ab
2021,16,LAT,#00a0dd
2021,16,VET,#00665e
2021,16,MSC,#b6babd
2021,16,MAZ,#b6babd
2021,17,VER,#0600ef
2021,17,HAM,#00f5d0
2021,17,PER,#0600ef
2021,17,LEC,#dc0004
2021,17,RIC,#ff8000
2021,17,BOT,#00f5d0
2021,17,SAI,#dc0004
2021,17,NOR,#ff8000
2021,17,TSU,#2b4562
2021,17,VET,#00665e
2021,17,GIO,#900000
2021,17,STR,#00665e
2021,17,RAI,#900000
2021,17,RUS,#00a0dd
2021,17,LAT,#00a0dd
2021,17,MSC,#b6babd
2021,17,MAZ,#b6babd
2021,17,ALO,#0755ab
2021,17,OCO,#0755ab
2021,17,GAS,#2b4562
2021,18,VER,#0600ef
2021,18,HAM,#00f5d0
2021,18,PER,#0600ef
2021,18,GAS,#2b4562
2021,18,LEC,#dc0004
2021,18,SAI,#dc0004
2021,18,VET,#00665e
2021,18,RAI,#900000
2021,18,ALO,#0755ab
2021,18,NOR,#ff8000
2021,18,GIO,#900000
2021,18,RIC,#ff8000
2021,18,OCO,#0755ab
2021,18,STR,#00665e
2021,18,BOT,#00f5d0
2021,18,RUS,#00a0dd
2021,18,LAT,#00a0dd
2021,18,MAZ,#b6babd
2021,18,MSC,#b6babd
2021,18,TSU,#2b4562
2021,19,HAM,#00f5d0
2021,19,VER,#0600ef
2021,19,BOT,#00f5d0
2021,19,PER,#0600ef
2021,19,LEC,#dc0004
2021,19,SAI,#dc0004
2021,19,GAS,#2b4562
2021,19,OCO,#0755ab
2021,19,ALO,#0755ab
2021,19,NOR,#ff8000
2021,19,VET,#00665e
2021,19,RAI,#900000
2021,19,RUS,#00a0dd
2021,19,GIO,#900000
2021,19,TSU,#2b4562
2021,19,LAT,#00a0dd
2021,19,MAZ,#b6babd
2021,19,MSC,#b6babd
2021,19,RIC,#ff8000
2021,19,STR,#00665e
2021,20,HAM,#00f5d0
2021,20,VER,#0600ef
2021,20,ALO,#0755ab
2021,20,PER,#0600ef
2021,20,OCO,#0755ab
2021,20,STR,#00665e
2021,20,SAI,#dc0004
2021,20,LEC,#dc0004
2021,20,NOR,#ff8000
2021,20,VET,#00665e
2021,20,GAS,#2b4562
2021,20,RIC,#ff8000
2021,20,TSU,#2b4562
2021,20,RAI,#900000
2021,20,GIO,#900000
2021,20,MSC,#b6babd
2021,20,RUS,#00a0dd
2021,20,MAZ,#b6babd
2021,20,LAT,#00a0dd
2021,20,BOT,#00f5d0
2021,21,HAM,#00f5d0
2021,21,VER,#0600ef
2021,21,BOT,#00f5d0
2021,21,OCO,#0755ab
2021,21,RIC,#ff8000
2021,21,GAS,#2b4562
2021,21,LEC,#dc0004
2021,21,SAI,#dc0004
2021,21,GIO,#900000
2021,21,NOR,#ff8000
2021,21,STR,#00665e
2021,21,LAT,#00a0dd
2021,21,ALO,#0755ab
2021,21,TSU,#2b4562
2021,21,RAI,#900000
2021,21,VET,#00665e
2021,21,PER,#0600ef
2021,21,MAZ,#b6babd
2021,21,RUS,#00a0dd
2021,21,MSC,#b6babd
2020,1,BOT,#00d2be
2020,1,LEC,#dc0000
2020,1,NOR,#ff8000
2020,1,HAM,#00d2be
2020,1,SAI,#ff8000
2020,1,PER,#ff87bc
2020,1,GAS,#2b4562
2020,1,OCO,#fff500
2020,1,GIO,#900000
2020,1,VET,#dc0000
2020,1,LAT,#00a0dd
2020,1,KVY,#2b4562
2020,1,ALB,#1e41ff
2020,1,RAI,#900000
2020,1,RUS,#00a0dd
2020,1,GRO,#b6babd
2020,1,MAG,#b6babd
2020,1,STR,#ff87bc
2020,1,RIC,#fff500
2020,1,VER,#1e41ff
2020,2,HAM,#00d2be
2020,2,BOT,#00d2be
2020,2,VER,#1e41ff
2020,2,ALB,#1e41ff
2020,2,NOR,#ff8000
2020,2,PER,#ff87bc
2020,2,STR,#ff87bc
2020,2,RIC,#fff500
2020,2,SAI,#ff8000
2020,2,KVY,#2b4562
2020,2,RAI,#900000
2020,2,MAG,#b6babd
2020,2,GRO,#b6babd
2020,2,GIO,#900000
2020,2,GAS,#2b4562
2020,2,RUS,#00a0dd
2020,2,LAT,#00a0dd
2020,2,OCO,#fff500
2020,2,LEC,#dc0000
2020,2,VET,#dc0000
2020,3,HAM,#00d2be
2020,3,VER,#1e41ff
2020,3,BOT,#00d2be
2020,3,STR,#ff87bc
2020,3,ALB,#1e41ff
2020,3,VET,#dc0000
2020,3,PER,#ff87bc
2020,3,RIC,#fff500
2020,3,SAI,#ff8000
2020,3,MAG,#b6babd
2020,3,LEC,#dc0000
2020,3,KVY,#2b4562
2020,3,NOR,#ff8000
2020,3,OCO,#fff500
2020,3,RAI,#900000
2020,3,GRO,#b6babd
2020,3,GIO,#900000
2020,3,RUS,#00a0dd
2020,3,LAT,#00a0dd
2020,3,GAS,#2b4562
2020,4,HAM,#00d2be
2020,4,VER,#1e41ff
2020,4,LEC,#dc0000
2020,4,RIC,#fff500
2020,4,NOR,#ff8000
2020,4,OCO,#fff500
2020,4,GAS,#2b4562
2020,4,ALB,#1e41ff
2020,4,STR,#ff87bc
2020,4,VET,#dc0000
2020,4,BOT,#00d2be
2020,4,RUS,#00a0dd
2020,4,SAI,#ff8000
2020,4,GIO,#900000
2020,4,LAT,#00a0dd
2020,4,GRO,#b6babd
2020,4,RAI,#900000
2020,4,KVY,#2b4562
2020,4,MAG,#b6babd
2020,4,HUL,#ff87bc
2020,5,VER,#1e41ff
2020,5,HAM,#00d2be
2020,5,BOT,#00d2be
2020,5,LEC,#dc0000
2020,5,ALB,#1e41ff
2020,5,STR,#ff87bc
2020,5,HUL,#ff87bc
2020,5,OCO,#fff500
2020,5,NOR,#ff8000
2020,5,KVY,#2b4562
2020,5,GAS,#2b4562
2020,5,VET,#dc0000
2020,5,SAI,#ff8000
2020,5,RIC,#fff500
2020,5,RAI,#900000
2020,5,GRO,#b6babd
2020,5,GIO,#900000
2020,5,RUS,#00a0dd
2020,5,LAT,#00a0dd
2020,5,MAG,#b6babd
2020,6,HAM,#00d2be
2020,6,VER,#1e41ff
2020,6,BOT,#00d2be
2020,6,STR,#ff87bc
2020,6,PER,#ff87bc
2020,6,SAI,#ff8000
2020,6,VET,#dc0000
2020,6,ALB,#1e41ff
2020,6,GAS,#2b4562
2020,6,NOR,#ff8000
2020,6,RIC,#fff500
2020,6,KVY,#2b4562
2020,6,OCO,#fff500
2020,6,RAI,#900000
2020,6,MAG,#b6babd
2020,6,GIO,#900000
2020,6,RUS,#00a0dd
2020,6,LAT,#00a0dd
2020,6,GRO,#b6babd
2020,6,LEC,#dc0000
2020,7,HAM,#00d2be
2020,7,BOT,#00d2be
2020,7,VER,#1e41ff
2020,7,RIC,#fff500
2020,7,OCO,#fff500
2020,7,ALB,#1e41ff
2020,7,NOR,#ff8000
2020,7,GAS,#2b4562
2020,7,STR,#ff87bc
2020,7,PER,#ff87bc
2020,7,KVY,#2b4562
2020,7,RAI,#900000
2020,7,VET,#dc0000
2020,7,LEC,#dc0000
2020,7,GRO,#b6babd
2020,7,LAT,#00a0dd
2020,7,MAG,#b6babd
2020,7,GIO,#900000
2020,7,RUS,#00a0dd
2020,7,SAI,#ff8000
2020,8,GAS,#2b4562
2020,8,SAI,#ff8000
2020,8,STR,#ff87bc
2020,8,NOR,#ff8000
2020,8,BOT,#00d2be
2020,8,RIC,#fff500
2020,8,HAM,#00d2be
2020,8,OCO,#fff500
2020,8,KVY,#2b4562
2020,8,PER,#ff87bc
2020,8,LAT,#00a0dd
2020,8,GRO,#b6babd
2020,8,RAI,#900000
2020,8,RUS,#00a0dd
2020,8,ALB,#1e41ff
2020,8,GIO,#900000
2020,8,VER,#1e41ff
2020,8,LEC,#dc0000
2020,8,MAG,#b6babd
2020,8,VET,#dc0000
2020,9,HAM,#00d2be
2020,9,BOT,#00d2be
2020,9,ALB,#1e41ff
2020,9,RIC,#fff500
2020,9,PER,#ff87bc
2020,9,NOR,#ff8000
2020,9,KVY,#2b4562
2020,9,LEC,#dc0000
2020,9,RAI,#900000
2020,9,VET,#dc0000
2020,9,RUS,#00a0dd
2020,9,GRO,#b6babd
2020,9,STR,#ff87bc
2020,9,OCO,#fff500
2020,9,LAT,#00a0dd
2020,9,MAG,#b6babd
2020,9,GIO,#900000
2020,9,SAI,#ff8000
2020,9,VER,#1e41ff
2020,9,GAS,#2b4562
2020,10,BOT,#00d2be
2020,10,VER,#1e41ff
2020,10,HAM,#00d2be
2020,10,PER,#ff87bc
2020,10,RIC,#fff500
2020,10,LEC,#dc0000
2020,10,OCO,#fff500
2020,10,KVY,#2b4562
2020,10,GAS,#2b4562
2020,10,ALB,#1e41ff
2020,10,GIO,#900000
2020,10,MAG,#b6babd
2020,10,VET,#dc0000
2020,10,RAI,#900000
2020,10,NOR,#ff8000
2020,10,LAT,#00a0dd
2020,10,GRO,#b6babd
2020,10,RUS,#00a0dd
2020,10,SAI,#ff8000
2020,10,STR,#ff87bc
2020,11,HAM,#00d2be
2020,11,VER,#1e41ff
2020,11,RIC,#fff500
2020,11,PER,#ff87bc
2020,11,SAI,#ff8000
2020,11,GAS,#2b4562
2020,11,LEC,#dc0000
2020,11,HUL,#ff87bc
2020,11,GRO,#b6babd
2020,11,GIO,#900000
2020,11,VET,#dc0000
2020,11,RAI,#900000
2020,11,MAG,#b6babd
2020,11,LAT,#00a0dd
2020,11,KVY,#2b4562
2020,11,NOR,#ff8000
2020,11,ALB,#1e41ff
2020,11,OCO,#fff500
2020,11,BOT,#00d2be
2020,11,RUS,#00a0dd
2020,12,HAM,#00d2be
2020,12,BOT,#00d2be
2020,12,VER,#1e41ff
2020,12,LEC,#dc0000
2020,12,GAS,#2b4562
2020,12,SAI,#ff8000
2020,12,PER,#ff87bc
2020,12,OCO,#fff500
2020,12,RIC,#fff500
2020,12,VET,#dc0000
2020,12,RAI,#900000
2020,12,ALB,#1e41ff
2020,12,NOR,#ff8000
2020,12,RUS,#00a0dd
2020,12,GIO,#900000
2020,12,MAG,#b6babd
2020,12,GRO,#b6babd
2020,12,LAT,#00a0dd
2020,12,KVY,#2b4562
2020,12,STR,#ff87bc
2020,13,HAM,#00d2be
2020,13,BOT,#00d2be
2020,13,RIC,#fff500
2020,13,KVY,#2b4562
2020,13,LEC,#dc0000
2020,13,PER,#ff87bc
2020,13,SAI,#ff8000
2020,13,NOR,#ff8000
2020,13,RAI,#900000
2020,13,GIO,#900000
2020,13,LAT,#00a0dd
2020,13,VET,#dc0000
2020,13,STR,#ff87bc
2020,13,GRO,#b6babd
2020,13,ALB,#1e41ff
2020,13,RUS,#00a0dd
2020,13,VER,#1e41ff
2020,13,MAG,#b6babd
2020,13,OCO,#fff500
2020,13,GAS,#2b4562
2020,14,HAM,#00d2be
2020,14,PER,#ff87bc
2020,14,VET,#dc0000
2020,14,LEC,#dc0000
2020,14,SAI,#ff8000
2020,14,VER,#1e41ff
2020,14,ALB,#1e41ff
2020,14,NOR,#ff8000
2020,14,STR,#ff87bc
2020,14,RIC,#fff500
2020,14,OCO,#fff500
2020,14,KVY,#2b4562
2020,14,GAS,#2b4562
2020,14,BOT,#00d2be
2020,14,RAI,#900000
2020,14,RUS,#00a0dd
2020,14,MAG,#b6babd
2020,14,GRO,#b6babd
2020,14,LAT,#00a0dd
2020,14,GIO,#900000
2020,15,HAM,#00d2be
2020,15,VER,#1e41ff
2020,15,ALB,#1e41ff
2020,15,NOR,#ff8000
2020,15,SAI,#ff8000
2020,15,GAS,#2b4562
2020,15,RIC,#fff500
2020,15,BOT,#00d2be
2020,15,OCO,#fff500
2020,15,LEC,#dc0000
2020,15,KVY,#2b4562
2020,15,RUS,#00a0dd
2020,15,VET,#dc0000
2020,15,LAT,#00a0dd
2020,15,RAI,#900000
2020,15,GIO,#900000
2020,15,MAG,#b6babd
2020,15,PER,#ff87bc
2020,15,STR,#ff87bc
2020,15,GRO,#b6babd
2020,16,PER,#ff87bc
2020,16,OCO,#fff500
2020,16,STR,#ff87bc
2020,16,SAI,#ff8000
2020,16,RIC,#fff500
2020,16,ALB,#1e41ff
2020,16,KVY,#2b4562
2020,16,BOT,#00d2be
2020,16,RUS,#00d2be
2020,16,NOR,#ff8000
2020,16,GAS,#2b4562
2020,16,VET,#dc0000
2020,16,GIO,#900000
2020,16,RAI,#900000
2020,16,MAG,#b6babd
2020,16,AIT,#00a0dd
2020,16,FIT,#b6babd
2020,16,LAT,#00a0dd
2020,16,VER,#1e41ff
2020,16,LEC,#dc0000
2020,17,VER,#1e41ff
2020,17,BOT,#00d2be
2020,17,HAM,#00d2be
2020,17,ALB,#1e41ff
2020,17,NOR,#ff8000
2020,17,SAI,#ff8000
2020,17,RIC,#fff500
2020,17,GAS,#2b4562
2020,17,OCO,#fff500
2020,17,STR,#ff87bc
2020,17,KVY,#2b4562
2020,17,RAI,#900000
2020,17,LEC,#dc0000
2020,17,VET,#dc0000
2020,17,RUS,#00a0dd
2020,17,GIO,#900000
2020,17,LAT,#00a0dd
2020,17,MAG,#b6babd
2020,17,FIT,#b6babd
2020,17,PER,#ff87bc
2019,1,BOT,#00d2be
2019,1,HAM,#00d2be
2019,1,VER,#1e41ff
2019,1,VET,#da291c
2019,1,LEC,#da291c
2019,1,MAG,#bd9e57
2019,1,HUL,#fff500
2019,1,RAI,#900000
2019,1,STR,#ff87bc
2019,1,KVY,#2b4562
2019,1,GAS,#1e41ff
2019,1,NOR,#ff8000
2019,1,PER,#ff87bc
2019,1,ALB,#2b4562
2019,1,GIO,#900000
2019,1,RUS,#00a0dd
2019,1,KUB,#00a0dd
2019,1,GRO,#bd9e57
2019,1,RIC,#fff500
2019,1,SAI,#ff8000
2019,2,HAM,#00d2be
2019,2,BOT,#00d2be
2019,2,LEC,#da291c
2019,2,VER,#1e41ff
2019,2,VET,#da291c
2019,2,NOR,#ff8000
2019,2,RAI,#900000
2019,2,GAS,#1e41ff
2019,2,ALB,#2b4562
2019,2,PER,#ff87bc
2019,2,GIO,#900000
2019,2,KVY,#2b4562
2019,2,MAG,#bd9e57
2019,2,STR,#ff87bc
2019,2,RUS,#00a0dd
2019,2,KUB,#00a0dd
2019,2,HUL,#fff500
2019,2,RIC,#fff500
2019,2,SAI,#ff8000
2019,2,GRO,#bd9e57
2019,3,HAM,#00d2be
2019,3,BOT,#00d2be
2019,3,VET,#da291c
2019,3,VER,#1e41ff
2019,3,LEC,#da291c
2019,3,GAS,#1e41ff
2019,3,RIC,#fff500
2019,3,PER,#ff87bc
2019,3,RAI,#900000
2019,3,ALB,#2b4562
2019,3,GRO,#bd9e57
2019,3,STR,#ff87bc
2019,3,MAG,#bd9e57
2019,3,SAI,#ff8000
2019,3,GIO,#900000
2019,3,RUS,#00a0dd
2019,3,KUB,#00a0dd
2019,3,NOR,#ff8000
2019,3,KVY,#2b4562
2019,3,HUL,#fff500
2019,4,BOT,#00d2be
2019,4,HAM,#00d2be
2019,4,VET,#da291c
2019,4,VER,#1e41ff
2019,4,LEC,#da291c
2019,4,PER,#ff87bc
2019,4,SAI,#ff8000
2019,4,NOR,#ff8000
2019,4,STR,#ff87bc
2019,4,RAI,#900000
2019,4,ALB,#2b4562
2019,4,GIO,#900000
2019,4,MAG,#bd9e57
2019,4,HUL,#fff500
2019,4,RUS,#00a0dd
2019,4,KUB,#00a0dd
2019,4,GAS,#1e41ff
2019,4,GRO,#bd9e57
2019,4,KVY,#2b4562
2019,4,RIC,#fff500
2019,5,HAM,#00d2be
2019,5,BOT,#00d2be
2019,5,VER,#1e41ff
2019,5,VET,#da291c
2019,5,LEC,#da291c
2019,5,GAS,#1e41ff
2019,5,MAG,#bd9e57
2019,5,SAI,#ff8000
2019,5,KVY,#2b4562
2019,5,GRO,#bd9e57
2019,5,ALB,#2b4562
2019,5,RIC,#fff500
2019,5,HUL,#fff500
2019,5,RAI,#900000
2019,5,PER,#ff87bc
2019,5,GIO,#900000
2019,5,RUS,#00a0dd
2019,5,KUB,#00a0dd
2019,5,STR,#ff87bc
2019,5,NOR,#ff8000
2019,6,HAM,#00d2be
2019,6,VET,#da291c
2019,6,BOT,#00d2be
2019,6,VER,#1e41ff
2019,6,GAS,#1e41ff
2019,6,SAI,#ff8000
2019,6,KVY,#2b4562
2019,6,ALB,#2b4562
2019,6,RIC,#fff500
2019,6,GRO,#bd9e57
2019,6,NOR,#ff8000
2019,6,PER,#ff87bc
2019,6,HUL,#fff500
2019,6,MAG,#bd9e57
2019,6,RUS,#00a0dd
2019,6,STR,#ff87bc
2019,6,RAI,#900000
2019,6,KUB,#00a0dd
2019,6,GIO,#900000
2019,6,LEC,#da291c
2019,7,HAM,#00d2be
2019,7,VET,#da291c
2019,7,LEC,#da291c
2019,7,BOT,#00d2be
2019,7,VER,#1e41ff
2019,7,RIC,#fff500
2019,7,HUL,#fff500
2019,7,GAS,#1e41ff
2019,7,STR,#ff87bc
2019,7,KVY,#2b4562
2019,7,SAI,#ff8000
2019,7,PER,#ff87bc
2019,7,GIO,#900000
2019,7,GRO,#bd9e57
2019,7,RAI,#900000
2019,7,RUS,#00a0dd
2019,7,MAG,#bd9e57
2019,7,KUB,#00a0dd
2019,7,ALB,#2b4562
2019,7,NOR,#ff8000
2019,8,HAM,#00d2be
2019,8,BOT,#00d2be
2019,8,LEC,#da291c
2019,8,VER,#1e41ff
2019,8,VET,#da291c
2019,8,SAI,#ff8000
2019,8,RAI,#900000
2019,8,HUL,#fff500
2019,8,NOR,#ff8000
2019,8,GAS,#1e41ff
2019,8,RIC,#fff500
2019,8,PER,#ff87bc
2019,8,STR,#ff87bc
2019,8,KVY,#2b4562
2019,8,ALB,#2b4562
2019,8,GIO,#900000
2019,8,MAG,#bd9e57
2019,8,KUB,#00a0dd
2019,8,RUS,#00a0dd
2019,8,GRO,#bd9e57
2019,9,VER,#1e41ff
2019,9,LEC,#da291c
2019,9,BOT,#00d2be
2019,9,VET,#da291c
2019,9,HAM,#00d2be
2019,9,NOR,#ff8000
2019,9,GAS,#1e41ff
2019,9,SAI,#ff8000
2019,9,RAI,#900000
2019,9,GIO,#900000
2019,9,PER,#ff87bc
2019,9,RIC,#fff500
2019,9,HUL,#fff500
2019,9,STR,#ff87bc
2019,9,ALB,#2b4562
2019,9,GRO,#bd9e57
2019,9,KVY,#2b4562
2019,9,RUS,#00a0dd
2019,9,MAG,#bd9e57
2019,9,KUB,#00a0dd
2019,10,HAM,#00d2be
2019,10,BOT,#00d2be
2019,10,LEC,#da291c
2019,10,GAS,#1e41ff
2019,10,VER,#1e41ff
2019,10,SAI,#ff8000
2019,10,RIC,#fff500
2019,10,RAI,#900000
2019,10,KVY,#2b4562
2019,10,HUL,#fff500
2019,10,NOR,#ff8000
2019,10,ALB,#2b4562
2019,10,STR,#ff87bc
2019,10,RUS,#00a0dd
2019,10,KUB,#00a0dd
2019,10,VET,#da291c
2019,10,PER,#ff87bc
2019,10,GIO,#900000
2019,10,GRO,#bd9e57
2019,10,MAG,#bd9e57
2019,11,VER,#1e41ff
2019,11,VET,#da291c
2019,11,KVY,#2b4562
2019,11,STR,#ff87bc
2019,11,SAI,#ff8000
2019,11,ALB,#2b4562
2019,11,GRO,#bd9e57
2019,11,MAG,#bd9e57
2019,11,HAM,#00d2be
2019,11,KUB,#00a0dd
2019,11,RUS,#00a0dd
2019,11,RAI,#900000
2019,11,GIO,#900000
2019,11,GAS,#1e41ff
2019,11,BOT,#00d2be
2019,11,HUL,#fff500
2019,11,LEC,#da291c
2019,11,NOR,#ff8000
2019,11,RIC,#fff500
2019,11,PER,#ff87bc
2019,12,HAM,#00d2be
2019,12,VER,#1e41ff
2019,12,VET,#da291c
2019,12,LEC,#da291c
2019,12,SAI,#ff8000
2019,12,GAS,#1e41ff
2019,12,RAI,#900000
2019,12,BOT,#00d2be
2019,12,NOR,#ff8000
2019,12,ALB,#2b4562
2019,12,PER,#ff87bc
2019,12,HUL,#fff500
2019,12,MAG,#bd9e57
2019,12,RIC,#fff500
2019,12,KVY,#2b4562
2019,12,RUS,#00a0dd
2019,12,STR,#ff87bc
2019,12,GIO,#900000
2019,12,KUB,#00a0dd
2019,12,GRO,#bd9e57
2019,13,LEC,#da291c
2019,13,HAM,#00d2be
2019,13,BOT,#00d2be
2019,13,VET,#da291c
2019,13,ALB,#1e41ff
2019,13,PER,#ff87bc
2019,13,KVY,#2b4562
2019,13,HUL,#fff500
2019,13,GAS,#2b4562
2019,13,STR,#ff87bc
2019,13,NOR,#ff8000
2019,13,MAG,#bd9e57
2019,13,GRO,#bd9e57
2019,13,RIC,#fff500
2019,13,RUS,#00a0dd
2019,13,RAI,#900000
2019,13,KUB,#00a0dd
2019,13,GIO,#900000
2019,13,SAI,#ff8000
2019,13,VER,#1e41ff
2019,14,LEC,#da291c
2019,14,BOT,#00d2be
2019,14,HAM,#00d2be
2019,14,RIC,#fff500
2019,14,HUL,#fff500
2019,14,ALB,#1e41ff
2019,14,PER,#ff87bc
2019,14,VER,#1e41ff
2019,14,GIO,#900000
2019,14,NOR,#ff8000
2019,14,GAS,#2b4562
2019,14,STR,#ff87bc
2019,14,VET,#da291c
2019,14,RUS,#00a0dd
2019,14,RAI,#900000
2019,14,GRO,#bd9e57
2019,14,KUB,#00a0dd
2019,14,MAG,#bd9e57
2019,14,KVY,#2b4562
2019,14,SAI,#ff8000
2019,15,VET,#da291c
2019,15,LEC,#da291c
2019,15,VER,#1e41ff
2019,15,HAM,#00d2be
2019,15,BOT,#00d2be
2019,15,ALB,#1e41ff
2019,15,NOR,#ff8000
2019,15,GAS,#2b4562
2019,15,HUL,#fff500
2019,15,GIO,#900000
2019,15,GRO,#bd9e57
2019,15,SAI,#ff8000
2019,15,STR,#ff87bc
2019,15,RIC,#fff500
2019,15,KVY,#2b4562
2019,15,KUB,#00a0dd
2019,15,MAG,#bd9e57
2019,15,RAI,#900000
2019,15,PER,#ff87bc
2019,15,RUS,#00a0dd
2019,16,HAM,#00d2be
2019,16,BOT,#00d2be
2019,16,LEC,#da291c
2019,16,VER,#1e41ff
2019,16,ALB,#1e41ff
2019,16,SAI,#ff8000
2019,16,PER,#ff87bc
2019,16,NOR,#ff8000
2019,16,MAG,#bd9e57
2019,16,HUL,#fff500
2019,16,STR,#ff87bc
2019,16,KVY,#2b4562
2019,16,RAI,#900000
2019,16,GAS,#2b4562
2019,16,GIO,#900000
2019,16,KUB,#00a0dd
2019,16,RUS,#00a0dd
2019,16,VET,#da291c
2019,16,RIC,#fff500
2019,16,GRO,#bd9e57
2019,17,BOT,#00d2be
2019,17,VET,#da291c
2019,17,HAM,#00d2be
2019,17,ALB,#1e41ff
2019,17,SAI,#ff8000
2019,17,LEC,#da291c
2019,17,GAS,#2b4562
2019,17,PER,#ff87bc
2019,17,STR,#ff87bc
2019,17,KVY,#2b4562
2019,17,NOR,#ff8000
2019,17,RAI,#900000
2019,17,GRO,#bd9e57
2019,17,GIO,#900000
2019,17,MAG,#bd9e57
2019,17,RUS,#00a0dd
2019,17,KUB,#00a0dd
2019,17,VER,#1e41ff
2019,17,RIC,#fff500
2019,17,HUL,#fff500
2019,18,HAM,#00d2be
2019,18,VET,#da291c
2019,18,BOT,#00d2be
2019,18,LEC,#da291c
2019,18,ALB,#1e41ff
2019,18,VER,#1e41ff
2019,18,PER,#ff87bc
2019,18,RIC,#fff500
2019,18,GAS,#2b4562
2019,18,HUL,#fff500
2019,18,KVY,#2b4562
2019,18,STR,#ff87bc
2019,18,SAI,#ff8000
2019,18,GIO,#900000
2019,18,MAG,#bd9e57
2019,18,RUS,#00a0dd
2019,18,GRO,#bd9e57
2019,18,KUB,#00a0dd
2019,18,RAI,#900000
2019,18,NOR,#ff8000
2019,19,BOT,#00d2be
2019,19,HAM,#00d2be
2019,19,VER,#1e41ff
2019,19,LEC,#da291c
2019,19,ALB,#1e41ff
2019,19,RIC,#fff500
2019,19,NOR,#ff8000
2019,19,SAI,#ff8000
2019,19,HUL,#fff500
2019,19,PER,#ff87bc
2019,19,RAI,#900000
2019,19,KVY,#2b4562
2019,19,STR,#ff87bc
2019,19,GIO,#900000
2019,19,GRO,#bd9e57
2019,19,GAS,#2b4562
2019,19,RUS,#00a0dd
2019,19,MAG,#bd9e57
2019,19,KUB,#00a0dd
2019,19,VET,#da291c
2019,20,VER,#1e41ff
2019,20,GAS,#2b4562
2019,20,SAI,#ff8000
2019,20,RAI,#900000
2019,20,GIO,#900000
2019,20,RIC,#fff500
2019,20,HAM,#00d2be
2019,20,NOR,#ff8000
2019,20,PER,#ff87bc
2019,20,KVY,#2b4562
2019,20,MAG,#bd9e57
2019,20,RUS,#00a0dd
2019,20,GRO,#bd9e57
2019,20,ALB,#1e41ff
2019,20,HUL,#fff500
2019,20,KUB,#00a0dd
2019,20,VET,#da291c
2019,20,LEC,#da291c
2019,20,STR,#ff87bc
2019,20,BOT,#00d2be
2019,21,HAM,#00d2be
2019,21,VER,#1e41ff
2019,21,LEC,#da291c
2019,21,BOT,#00d2be
2019,21,VET,#da291c
2019,21,ALB,#1e41ff
2019,21,PER,#ff87bc
2019,21,NOR,#ff8000
2019,21,KVY,#2b4562
2019,21,SAI,#ff8000
2019,21,RIC,#fff500
2019,21,HUL,#fff500
2019,21,RAI,#900000
2019,21,MAG,#bd9e57
2019,21,GRO,#bd9e57
2019,21,GIO,#900000
2019,21,RUS,#00a0dd
2019,21,GAS,#2b4562
2019,21,KUB,#00a0dd
2019,21,STR,#ff87bc
2018,1,VET,#dc0000
2018,1,HAM,#00f5d0
2018,1,RAI,#dc0000
2018,1,RIC,#1e41ff
2018,1,ALO,#ff8000
2018,1,VER,#1e41ff
2018,1,HUL,#fff500
2018,1,BOT,#00f5d0
2018,1,VAN,#ff8000
2018,1,SAI,#fff500
2018,1,PER,#ff87bc
2018,1,OCO,#ff87bc
2018,1,LEC,#900000
2018,1,STR,#00a0dd
2018,1,HAR,#2b4562
2018,1,GRO,#b6babd
2018,1,MAG,#b6babd
2018,1,GAS,#2b4562
2018,1,ERI,#900000
2018,1,SIR,#00a0dd
2018,2,VET,#dc0000
2018,2,BOT,#00f5d0
2018,2,HAM,#00f5d0
2018,2,GAS,#2b4562
2018,2,MAG,#b6babd
2018,2,HUL,#fff500
2018,2,ALO,#ff8000
2018,2,VAN,#ff8000
2018,2,ERI,#900000
2018,2,OCO,#ff87bc
2018,2,SAI,#fff500
2018,2,LEC,#900000
2018,2,GRO,#b6babd
2018,2,STR,#00a0dd
2018,2,SIR,#00a0dd
2018,2,PER,#ff87bc
2018,2,HAR,#2b4562
2018,2,RAI,#dc0000
2018,2,VER,#1e41ff
2018,2,RIC,#1e41ff
2018,3,RIC,#1e41ff
2018,3,BOT,#00f5d0
2018,3,RAI,#dc0000
2018,3,HAM,#00f5d0
2018,3,VER,#1e41ff
2018,3,HUL,#fff500
2018,3,ALO,#ff8000
2018,3,VET,#dc0000
2018,3,SAI,#fff500
2018,3,MAG,#b6babd
2018,3,OCO,#ff87bc
2018,3,PER,#ff87bc
2018,3,VAN,#ff8000
2018,3,STR,#00a0dd
2018,3,SIR,#00a0dd
2018,3,ERI,#900000
2018,3,GRO,#b6babd
2018,3,GAS,#2b4562
2018,3,LEC,#900000
2018,3,HAR,#2b4562
2018,4,HAM,#00f5d0
2018,4,RAI,#dc0000
2018,4,PER,#ff87bc
2018,4,VET,#dc0000
2018,4,SAI,#fff500
2018,4,LEC,#900000
2018,4,ALO,#ff8000
2018,4,STR,#00a0dd
2018,4,VAN,#ff8000
2018,4,HAR,#2b4562
2018,4,ERI,#900000
2018,4,GAS,#2b4562
2018,4,MAG,#b6babd
2018,4,BOT,#00f5d0
2018,4,GRO,#b6babd
2018,4,VER,#1e41ff
2018,4,RIC,#1e41ff
2018,4,HUL,#fff500
2018,4,OCO,#ff87bc
2018,4,SIR,#00a0dd
2018,5,HAM,#00f5d0
2018,5,BOT,#00f5d0
2018,5,VER,#1e41ff
2018,5,VET,#dc0000
2018,5,RIC,#1e41ff
2018,5,MAG,#b6babd
2018,5,SAI,#fff500
2018,5,ALO,#ff8000
2018,5,PER,#ff87bc
2018,5,LEC,#900000
2018,5,STR,#00a0dd
2018,5,HAR,#2b4562
2018,5,ERI,#900000
2018,5,SIR,#00a0dd
2018,5,VAN,#ff8000
2018,5,OCO,#ff87bc
2018,5,RAI,#dc0000
2018,5,GRO,#b6babd
2018,5,GAS,#2b4562
2018,5,HUL,#fff500
2018,6,RIC,#1e41ff
2018,6,VET,#dc0000
2018,6,HAM,#00f5d0
2018,6,RAI,#dc0000
2018,6,BOT,#00f5d0
2018,6,OCO,#ff87bc
2018,6,GAS,#2b4562
2018,6,HUL,#fff500
2018,6,VER,#1e41ff
2018,6,SAI,#fff500
2018,6,ERI,#900000
2018,6,PER,#ff87bc
2018,6,MAG,#b6babd
2018,6,VAN,#ff8000
2018,6,GRO,#b6babd
2018,6,SIR,#00a0dd
2018,6,STR,#00a0dd
2018,6,LEC,#900000
2018,6,HAR,#2b4562
2018,6,ALO,#ff8000
2018,7,VET,#dc0000
2018,7,BOT,#00f5d0
2018,7,VER,#1e41ff
2018,7,RIC,#1e41ff
2018,7,HAM,#00f5d0
2018,7,RAI,#dc0000
2018,7,HUL,#fff500
2018,7,SAI,#fff500
2018,7,OCO,#ff87bc
2018,7,LEC,#900000
2018,7,GAS,#2b4562
2018,7,GRO,#b6babd
2018,7,MAG,#b6babd
2018,7,PER,#ff87bc
2018,7,ERI,#900000
2018,7,VAN,#ff8000
2018,7,SIR,#00a0dd
2018,7,ALO,#ff8000
2018,7,HAR,#2b4562
2018,7,STR,#00a0dd
2018,8,HAM,#00f5d0
2018,8,VER,#1e41ff
2018,8,RAI,#dc0000
2018,8,RIC,#1e41ff
2018,8,VET,#dc0000
2018,8,MAG,#b6babd
2018,8,BOT,#00f5d0
2018,8,SAI,#fff500
2018,8,HUL,#fff500
2018,8,LEC,#900000
2018,8,GRO,#b6babd
2018,8,VAN,#ff8000
2018,8,ERI,#900000
2018,8,HAR,#2b4562
2018,8,SIR,#00a0dd
2018,8,ALO,#ff8000
2018,8,STR,#00a0dd
2018,8,PER,#ff87bc
2018,8,OCO,#ff87bc
2018,8,GAS,#2b4562
2018,9,VER,#1e41ff
2018,9,RAI,#dc0000
2018,9,VET,#dc0000
2018,9,GRO,#b6babd
2018,9,MAG,#b6babd
2018,9,OCO,#ff87bc
2018,9,PER,#ff87bc
2018,9,ALO,#ff8000
2018,9,LEC,#900000
2018,9,ERI,#900000
2018,9,GAS,#2b4562
2018,9,SAI,#fff500
2018,9,SIR,#00a0dd
2018,9,STR,#00a0dd
2018,9,VAN,#ff8000
2018,9,HAM,#00f5d0
2018,9,HAR,#2b4562
2018,9,RIC,#1e41ff
2018,9,BOT,#00f5d0
2018,9,HUL,#fff500
2018,10,VET,#dc0000
2018,10,HAM,#00f5d0
2018,10,RAI,#dc0000
2018,10,BOT,#00f5d0
2018,10,RIC,#1e41ff
2018,10,HUL,#fff500
2018,10,OCO,#ff87bc
2018,10,ALO,#ff8000
2018,10,MAG,#b6babd
2018,10,PER,#ff87bc
2018,10,VAN,#ff8000
2018,10,STR,#00a0dd
2018,10,GAS,#2b4562
2018,10,SIR,#00a0dd
2018,10,VER,#1e41ff
2018,10,GRO,#b6babd
2018,10,SAI,#fff500
2018,10,ERI,#900000
2018,10,LEC,#900000
2018,10,HAR,#2b4562
2018,11,HAM,#00f5d0
2018,11,BOT,#00f5d0
2018,11,RAI,#dc0000
2018,11,VER,#1e41ff
2018,11,HUL,#fff500
2018,11,GRO,#b6babd
2018,11,PER,#ff87bc
2018,11,OCO,#ff87bc
2018,11,ERI,#900000
2018,11,HAR,#2b4562
2018,11,MAG,#b6babd
2018,11,SAI,#fff500
2018,11,VAN,#ff8000
2018,11,GAS,#2b4562
2018,11,LEC,#900000
2018,11,ALO,#ff8000
2018,11,STR,#00a0dd
2018,11,VET,#dc0000
2018,11,SIR,#00a0dd
2018,11,RIC,#1e41ff
2018,12,HAM,#00f5d0
2018,12,VET,#dc0000
2018,12,RAI,#dc0000
2018,12,RIC,#1e41ff
2018,12,BOT,#00f5d0
2018,12,GAS,#2b4562
2018,12,MAG,#b6babd
2018,12,ALO,#ff8000
2018,12,SAI,#fff500
2018,12,GRO,#b6babd
2018,12,HAR,#2b4562
2018,12,HUL,#fff500
2018,12,OCO,#ff87bc
2018,12,PER,#ff87bc
2018,12,ERI,#900000
2018,12,SIR,#00a0dd
2018,12,STR,#00a0dd
2018,12,VAN,#ff8000
2018,12,VER,#1e41ff
2018,12,LEC,#900000
2018,13,VET,#dc0000
2018,13,HAM,#00f5d0
2018,13,VER,#1e41ff
2018,13,BOT,#00f5d0
2018,13,PER,#ff87bc
2018,13,OCO,#ff87bc
2018,13,GRO,#b6babd
2018,13,MAG,#b6babd
2018,13,GAS,#2b4562
2018,13,ERI,#900000
2018,13,SAI,#fff500
2018,13,SIR,#00a0dd
2018,13,STR,#00a0dd
2018,13,HAR,#2b4562
2018,13,VAN,#ff8000
2018,13,RIC,#1e41ff
2018,13,RAI,#dc0000
2018,13,LEC,#900000
2018,13,ALO,#ff8000
2018,13,HUL,#fff500
2018,14,HAM,#00f5d0
2018,14,RAI,#dc0000
2018,14,BOT,#00f5d0
2018,14,VET,#dc0000
2018,14,VER,#1e41ff
2018,14,OCO,#ff87bc
2018,14,PER,#ff87bc
2018,14,SAI,#fff500
2018,14,STR,#00a0dd
2018,14,SIR,#00a0dd
2018,14,LEC,#900000
2018,14,VAN,#ff8000
2018,14,HUL,#fff500
2018,14,GAS,#2b4562
2018,14,ERI,#900000
2018,14,MAG,#b6babd
2018,14,RIC,#1e41ff
2018,14,ALO,#ff8000
2018,14,HAR,#2b4562
2018,14,GRO,#b6babd
2018,15,HAM,#00f5d0
2018,15,VER,#1e41ff
2018,15,VET,#dc0000
2018,15,BOT,#00f5d0
2018,15,RAI,#dc0000
2018,15,RIC,#1e41ff
2018,15,ALO,#ff8000
2018,15,SAI,#fff500
2018,15,LEC,#900000
2018,15,HUL,#fff500
2018,15,ERI,#900000
2018,15,VAN,#ff8000
2018,15,GAS,#2b4562
2018,15,STR,#00a0dd
2018,15,GRO,#b6babd
2018,15,PER,#ff87bc
2018,15,HAR,#2b4562
2018,15,MAG,#b6babd
2018,15,SIR,#00a0dd
2018,15,OCO,#ff87bc
2018,16,HAM,#00f5d0
2018,16,BOT,#00f5d0
2018,16,VET,#dc0000
2018,16,RAI,#dc0000
2018,16,VER,#1e41ff
2018,16,RIC,#1e41ff
2018,16,LEC,#900000
2018,16,MAG,#b6babd
2018,16,OCO,#ff87bc
2018,16,PER,#ff87bc
2018,16,GRO,#b6babd
2018,16,HUL,#fff500
2018,16,ERI,#900000
2018,16,ALO,#ff8000
2018,16,STR,#00a0dd
2018,16,VAN,#ff8000
2018,16,SAI,#fff500
2018,16,SIR,#00a0dd
2018,16,GAS,#2b4562
2018,16,HAR,#2b4562
2018,17,HAM,#00f5d0
2018,17,BOT,#00f5d0
2018,17,VER,#1e41ff
2018,17,RIC,#1e41ff
2018,17,RAI,#dc0000
2018,17,VET,#dc0000
2018,17,PER,#ff87bc
2018,17,GRO,#b6babd
2018,17,OCO,#ff87bc
2018,17,SAI,#fff500
2018,17,GAS,#2b4562
2018,17,ERI,#900000
2018,17,HAR,#2b4562
2018,17,ALO,#ff8000
2018,17,VAN,#ff8000
2018,17,SIR,#00a0dd
2018,17,STR,#00a0dd
2018,17,LEC,#900000
2018,17,HUL,#fff500
2018,17,MAG,#b6babd
2018,18,RAI,#dc0000
2018,18,VER,#1e41ff
2018,18,HAM,#00f5d0
2018,18,VET,#dc0000
2018,18,BOT,#00f5d0
2018,18,HUL,#fff500
2018,18,SAI,#fff500
2018,18,PER,#ff87bc
2018,18,HAR,#2b4562
2018,18,ERI,#900000
2018,18,VAN,#ff8000
2018,18,GAS,#2b4562
2018,18,SIR,#00a0dd
2018,18,STR,#00a0dd
2018,18,LEC,#900000
2018,18,RIC,#1e41ff
2018,18,GRO,#b6babd
2018,18,ALO,#ff8000
2018,18,OCO,#ff87bc
2018,18,MAG,#b6babd
2018,19,VER,#1e41ff
2018,19,VET,#dc0000
2018,19,RAI,#dc0000
2018,19,HAM,#00f5d0
2018,19,BOT,#00f5d0
2018,19,HUL,#fff500
2018,19,LEC,#900000
2018,19,VAN,#ff8000
2018,19,ERI,#900000
2018,19,GAS,#2b4562
2018,19,OCO,#ff87bc
2018,19,STR,#00a0dd
2018,19,SIR,#00a0dd
2018,19,HAR,#2b4562
2018,19,MAG,#b6babd
2018,19,GRO,#b6babd
2018,19,RIC,#1e41ff
2018,19,PER,#ff87bc
2018,19,SAI,#fff500
2018,19,ALO,#ff8000
2018,20,HAM,#00f5d0
2018,20,VER,#1e41ff
2018,20,RAI,#dc0000
2018,20,RIC,#1e41ff
2018,20,BOT,#00f5d0
2018,20,VET,#dc0000
2018,20,LEC,#900000
2018,20,GRO,#b6babd
2018,20,MAG,#b6babd
2018,20,PER,#ff87bc
2018,20,HAR,#2b4562
2018,20,SAI,#fff500
2018,20,GAS,#2b4562
2018,20,VAN,#ff8000
2018,20,OCO,#ff87bc
2018,20,SIR,#00a0dd
2018,20,ALO,#ff8000
2018,20,STR,#00a0dd
2018,20,HUL,#fff500
2018,20,ERI,#900000
2018,21,HAM,#00f5d0
2018,21,VET,#dc0000
2018,21,VER,#1e41ff
2018,21,RIC,#1e41ff
2018,21,BOT,#00f5d0
2018,21,SAI,#fff500
2018,21,LEC,#900000
2018,21,PER,#ff87bc
2018,21,GRO,#b6babd
2018,21,MAG,#b6babd
2018,21,ALO,#ff8000
2018,21,HAR,#2b4562
2018,21,STR,#00a0dd
2018,21,VAN,#ff8000
2018,21,SIR,#00a0dd
2018,21,GAS,#2b4562
2018,21,OCO,#ff87bc
2018,21,ERI,#900000
2018,21,RAI,#dc0000
2018,21,HUL,#fff500
